main_key,sub_key,ko,en
choice.act1.chapter01.episode02.ask_child_family,label,아이의 가족에게 묻는다,
choice.act1.chapter01.episode02.ask_child_family,result,서진은 실종 아이의 집에서 마지막 목격 정보와 감정의 단서를 확인하기로 한다.,
choice.act1.chapter01.episode02.check_remaining_traces,label,남은 흔적부터 확인한다,
choice.act1.chapter01.episode02.check_remaining_traces,result,서진은 사건을 소문이 아니라 추적 가능한 흔적의 문제로 보기 시작한다.,
choice.act1.chapter01.episode02.follow_yujin_trace,label,흔적을 따라 숲으로 간다,
choice.act1.chapter01.episode02.follow_yujin_trace,result,서진은 유진과 함께 지워진 흔적을 따라 숲으로 들어간다.,
choice.battle.normal.001.help_merchant,label,상인을 돕는다.,
choice.battle.normal.001.help_merchant,result,일행은 상인을 보호하기 위해 다가오는 위협과 맞서기로 했다.,
choice.battle.normal.002.protect_guard,label,포졸을 지킨다.,
choice.battle.normal.002.protect_guard,result,일행은 쓰러진 포졸을 등지고 다가오는 위협과 맞섰다.,
choice.battle.normal.003.search_child,label,아이를 찾는다.,
choice.battle.normal.003.search_child,result,일행은 아이의 흔적을 따라 숲속으로 향했다.,
choice.battle.normal.004.open_funeral_path,label,장례 행렬의 길을 연다.,
choice.battle.normal.004.open_funeral_path,result,일행은 장례 행렬을 지키기 위해 길을 가로막은 위협과 맞섰다.,
choice.battle.normal.005.prepare_battle,label,전투를 준비한다.,
choice.battle.normal.005.prepare_battle,result,일행은 수도승의 경고를 뒤로하고 다가오는 위협에 대비했다.,
choice.ch1.act1.ask_child_alive,label,아이가 살아있다고 생각합니까?,
choice.ch1.act1.ask_human_trace,label,사람 짓이라고 생각합니까?,
choice.ch1.act1.ask_incident,label,무슨 일이 있었습니까?,
choice.ch1.act1.ask_last_words,label,마지막으로 남긴 말이 있습니까?,
choice.ch1.act1.check_facts,label,소문보다 사실부터 확인하겠습니다.,
choice.ch1.act1.confirm_field,label,직접 확인해보죠.,
choice.ch1.act1.enter_battle,label,마을 사람들을 구한다.,
choice.ch1.act1.enter_battle,result,서진은 무기를 고쳐 쥐고 습격자들 사이로 뛰어들었다.,
choice.ch1.act1.go_to_archer,label,궁수를 만나러 간다.,
choice.ch1.act1.go_to_physician,label,의원을 만나러 간다.,
choice.ch1.act1.listen_villagers,label,주민들이 뭘 봤는지 직접 들어보겠습니다.,
choice.ch1.act1.recruit_jihan,label,함께 가주십시오. 살아있다면 당신이 필요합니다.,
choice.ch1.act1.recruit_jihan,result,서진은 첫 번째 동행자를 정했다.\n\n하지만 숲으로 들어가기엔 아직 부족했다.\n\n마을에는 이 사건을 다른 눈으로 바라보는 이들이 더 있었다.,
choice.ch1.act1.recruit_yujin,label,동행해주십시오. 흔적을 읽는 사람이 필요합니다.,
choice.ch1.act1.recruit_yujin,result,서진은 첫 번째 동행자를 정했다.\n\n하지만 숲으로 들어가기엔 아직 부족했다.\n\n마을에는 이 사건을 다른 눈으로 바라보는 이들이 더 있었다.,
choice.ch1.act2.ask_child_alive,label,아이가 살아있다고 생각합니까?,
choice.ch1.act2.ask_human_trace,label,사람 짓이라고 생각합니까?,
choice.ch1.act2.ask_last_words,label,마지막으로 남긴 말이 있습니까?,
choice.ch1.act2.check_facts,label,소문보다 사실부터 확인하겠습니다.,
choice.ch1.act2.confirm_field,label,직접 확인해보죠.,
choice.ch1.act2.listen_villagers,label,주민들이 뭘 봤는지 직접 들어보겠습니다.,
choice.ch1.act2.unlock_archer_path,label,궁수의 흔적을 조사하기로 한다.,
choice.ch1.act2.unlock_archer_path,result,서진은 궁수가 발견한 흔적을 따라가 보기로 했다. 실제 조사는 다음 길에서 이어질 것이다.,
choice.ch1.act2.unlock_physician_path,label,의원의 단서를 조사하기로 한다.,
choice.ch1.act2.unlock_physician_path,result,서진은 의원이 짚은 단서를 따라가 보기로 했다. 실제 조사는 다음 길에서 이어질 것이다.,
choice.ch1.act3_1.follow_physician_clue,label,의원이 말한 단서를 추적한다.,
choice.ch1.act3_1.recruit_jihan,label,함께 가주십시오. 살아있는 아이들을 구해야 합니다.,
choice.ch1.act3_1.recruit_jihan,result,지한이 파티에 합류했다.\n\n이제 서진은 혼자가 아니었다.,
choice.ch1.act3_2.follow_archer_trace,label,궁수가 발견한 흔적을 추적한다.,
choice.ch1.act3_2.follow_deeper_trace,label,더 깊은 숲의 흔적을 따라간다.,
choice.ch1.act3_2.recruit_muin,label,함께 가주십시오. 아이들을 구하는 데 힘이 필요합니다.,
choice.ch1.act3_2.recruit_muin,result,무인이 파티에 합류했다.\n\n서진의 여정에 두 번째 동행자가 생겼다.,
choice.ch1.act3_2.recruit_yujin,label,동행해주십시오. 흔적을 읽는 사람이 필요합니다.,
choice.ch1.act3_2.recruit_yujin,result,유진이 파티에 합류했다.\n\n서진은 이제 숲의 흔적을 따라갈 수 있게 되었다.,
choice.ch1.act4.attack,label,산채를 공격한다.,
choice.ch1.act4.attack,result,서진과 동료들은 산채를 향해 돌격했다.,
choice.ch1.act4_1.protect_jihan,label,지한을 지키며 산길을 돌파한다.,
choice.ch1.act4_1.protect_jihan,result,서진은 지한이 부상자의 흔적을 살필 수 있도록 앞을 막아섰다.,
choice.ch1.act4_2.break_scouts,label,유진과 함께 정찰대를 돌파한다.,
choice.ch1.act4_2.break_scouts,result,서진은 유진이 길을 읽을 수 있도록 적의 시선을 끌며 앞으로 나섰다.,
choice.ch1.act5_1.recruit_muin,label,함께 가주십시오. 아이들을 구하는 데 힘이 필요합니다.,
choice.ch1.act5_1.recruit_muin,result,무인이 파티에 합류했다.\n\n서진과 지한의 여정에 세 번째 동행자가 생겼다.,
choice.ch1.act5_2.recruit_jihan,label,함께 가주십시오. 살아있는 아이들을 구해야 합니다.,
choice.ch1.act5_2.recruit_jihan,result,지한이 파티에 합류했다.\n\n서진과 유진의 여정에 세 번째 동행자가 생겼다.,
choice.ch1.act6.attack,label,산채를 공격한다.,
choice.ch1.act6.attack,result,"서진, 지한, 유진은 각자의 역할을 맡아 산채를 향해 돌격했다.",
choice.ch1.episode1.enter_battle,label,마을 사람들을 구한다.,
choice.ch1.episode1.enter_battle,result,"서진은 오래 묻어 둔 후회를 삼키고, 검은 천의 무리 사이로 뛰어들었다.",
choice.ch1.episode2.ask_child_alive,label,아이가 살아 있다고 믿는지 묻는다,
choice.ch1.episode2.ask_child_alive,result,지한은 죽었다고 단정하는 순간 구할 수 있는 것도 놓치게 된다고 답한다.,
choice.ch1.episode2.ask_human_trace,label,사람의 흔적인지 묻는다,
choice.ch1.episode2.ask_human_trace,result,유진은 시작은 사람의 짓이지만 끝까지 사람의 일일지는 아직 모른다고 말한다.,
choice.ch1.episode2.ask_last_words,label,마지막 단서를 묻는다,
choice.ch1.episode2.ask_last_words,result,아이의 가족은 숲과 붉은 천 인형에 대한 말을 떠올린다.,
choice.ch1.episode2.check_facts,label,남은 흔적부터 확인한다,
choice.ch1.episode2.check_facts,result,서진은 사건을 소문이 아니라 추적 가능한 흔적의 문제로 보기 시작한다.,
choice.ch1.episode2.confirm_field,label,직접 확인한다,
choice.ch1.episode2.confirm_field,result,서진은 유진이 읽어낸 발자국과 수레 자국을 직접 확인한다.,
choice.ch1.episode2.listen_villagers,label,아이의 가족에게 묻는다,
choice.ch1.episode2.listen_villagers,result,서진은 실종 아이의 집에서 마지막 목격 정보와 감정의 단서를 확인하기로 한다.,
choice.ch1.episode2.unlock_archer_path,label,유진의 흔적을 따라간다,
choice.ch1.episode2.unlock_archer_path,result,서진은 유진이 읽어낸 발자국과 지워진 수레 자국을 따라 숲으로 향하기로 한다.,
choice.ch1.episode2.unlock_physician_path,label,지한의 단서를 따라간다,
choice.ch1.episode2.unlock_physician_path,result,서진은 붉은 천 인형과 아이의 마지막 말을 따라 숲 안쪽을 조사하기로 한다.,
choice.ch1.episode3_1.accept_jihan_join,label,지한의 동행을 받아들인다,
choice.ch1.episode3_1.accept_jihan_join,result,"지한이 동행에 합류하고, 서진은 아이들을 살려낼 손과 함께 움직이게 된다.",
choice.ch1.episode3_1.defend_jihan_and_child,label,지한과 아이를 지킨다,
choice.ch1.episode3_1.defend_jihan_and_child,result,서진은 오두막 앞 좁은 길목에서 굶주린 짐승과 검은 천 추격자들을 막아내기 위해 전투에 들어간다.,
choice.ch1.episode3_1.follow_physician_clue,label,붉은 천 인형의 흔적을 따라간다.,
choice.ch1.episode3_1.recruit_jihan,label,함께 가주십시오. 살아 있는 아이들을 구해야 합니다.,
choice.ch1.episode3_1.recruit_jihan,result,지한이 파티에 합류했다.\n\n서진은 이제 아이들을 살려낼 손과 함께 움직이게 되었다.,
choice.ch1.episode3_2.accept_yujin_join,label,유진의 동행을 받아들인다,
choice.ch1.episode3_2.accept_yujin_join,result,"유진이 파티에 합류하고, 서진은 산길을 읽는 눈과 함께 움직이게 된다.",
choice.ch1.episode3_2.enter_battle,label,수련장의 산적들을 제압한다,
choice.ch1.episode3_2.enter_battle,result,서진과 유진은 낡은 수련장의 포위망을 돌파하기 위해 전투에 들어간다.,
choice.ch1.episode3_2.follow_deeper_trace,label,지워진 흔적을 더 깊이 추적한다.,
choice.ch1.episode3_2.recruit_yujin,label,함께 가주십시오. 아이들의 흔적을 놓칠 수 없습니다.,
choice.ch1.episode3_2.recruit_yujin,result,유진이 파티에 합류했다.\n\n서진은 이제 산길을 읽는 눈과 함께 움직이게 되었다.,
choice.ch1.episode4_1.follow_bloody_trace,label,피 묻은 흔적을 따라간다,
choice.ch1.episode4_1.follow_bloody_trace,result,서진과 지한은 짐승 무리를 피해 아이의 흔적이 이어지는 산길을 따라간다.,
choice.ch1.episode4_1.protect_jihan,label,지한을 지키며 산길을 돌파한다.,
choice.ch1.episode4_1.protect_jihan,result,서진은 지한이 아이의 흔적을 살필 수 있도록 앞을 막아섰다.,
choice.ch1.episode4_2.break_scouts,label,유진과 함께 정찰대를 돌파한다.,
choice.ch1.episode4_2.break_scouts,result,서진은 유진이 지워진 길을 다시 읽어낼 수 있도록 적의 시선을 끌며 앞으로 나섰다.,
choice.ch1.episode4_2.confirm_erased_trail,label,지워진 흔적을 확인한다,
choice.ch1.episode4_2.confirm_erased_trail,result,서진과 유진은 남은 흔적이 묻히기 전에 그 길이 어디로 이어지는지 확인한다.,
choice.ch1.episode5_1.accept_yujin_join,label,유진과 함께 움직인다,
choice.ch1.episode5_1.accept_yujin_join,result,"유진이 파티에 합류하고, 서진 일행은 산길을 읽는 눈까지 얻게 된다.",
choice.ch1.episode5_1.enter_battle,label,포위망을 돌파한다,
choice.ch1.episode5_1.enter_battle,result,서진 일행은 낡은 수련장을 빠져나가기 위해 산적들과 전투에 들어간다.,
choice.ch1.episode5_1.recruit_yujin,label,함께 가주십시오. 아이들의 흔적을 놓칠 수 없습니다.,
choice.ch1.episode5_1.recruit_yujin,result,유진이 파티에 합류했다.\n\n서진과 지한은 산길을 읽는 눈까지 얻게 되었다.,
choice.ch1.episode5_2.accept_jihan_join,label,지한의 동행을 받아들인다,
choice.ch1.episode5_2.accept_jihan_join,result,"지한이 파티에 합류하고, 서진과 유진은 아이들을 살려낼 손까지 얻게 된다.",
choice.ch1.episode5_2.enter_battle,label,오두막 포위를 돌파한다,
choice.ch1.episode5_2.enter_battle,result,서진과 유진은 지한이 아이를 데리고 빠져나갈 수 있도록 오두막 앞 적들과 전투에 들어간다.,
choice.ch1.episode5_2.recruit_jihan,label,함께 가주십시오. 살아있는 아이들을 구해야 합니다.,
choice.ch1.episode5_2.recruit_jihan,result,지한이 파티에 합류했다.\n\n서진과 유진은 아이들을 살려낼 손까지 얻게 되었다.,
choice.ch1.episode6.attack,label,산채를 공격한다.,
choice.ch1.episode6.attack,result,"서진, 지한, 유진은 각자의 역할을 맡아 산채를 향해 돌격했다.",
choice.ch1.episode6.enter_battle,label,산채를 공격한다,
choice.ch1.episode6.enter_battle,result,"서진, 지한, 유진은 아이들을 구하기 위해 산채를 향해 돌격한다.",
choice.job.first.archer_archmaster,label,궁수를 신궁으로 전직시킨다.,
choice.job.first.archer_archmaster,result,궁수가 먼 거리의 적을 꿰뚫는 신궁의 길에 들어섰다.,
choice.job.first.monk_vajra_monk,label,승려를 금강승으로 전직시킨다.,
choice.job.first.monk_vajra_monk,result,승려가 흔들리지 않는 금강승의 길에 들어섰다.,
choice.job.first.physician_royal_physician,label,의관을 어의로 전직시킨다.,
choice.job.first.physician_royal_physician,result,의관이 전장의 생명을 살리는 어의의 길에 들어섰다.,
choice.job.first.scholar_strategist,label,유생을 병법가로 전직시킨다.,
choice.job.first.scholar_strategist,result,유생이 전장의 흐름을 읽는 병법가의 길에 들어섰다.,
choice.job.first.skip,label,지금은 전직하지 않는다.,
choice.job.first.skip,result,일행은 아직 때가 아니라고 판단하고 전직을 보류했다.,
choice.job.first.soldier_general,label,군졸을 장군으로 전직시킨다.,
choice.job.first.soldier_general,result,군졸이 전장을 지휘하는 장군의 길에 들어섰다.,
node.act1.chapter01.episode02.001,body,습격이 물러간 뒤에도 청운촌 광장에는 가뭄과 불안이 남아 있었다. 촌장 최만생은 실종된 아이들이 모두 숲 근처에서 마지막으로 목격되었다고 전한다.,
node.act1.chapter01.episode02.002,body,숲 입구 근처에는 사람 발자국과 수레 자국이 남아 있었다. 유진은 흔적이 사라진 것이 아니라 누군가 지운 것이라고 판단한다.,
node.act1.chapter01.episode02.003,body,실종 아이의 집에는 지친 어머니와 아이 이름이 적힌 종이가 남아 있었다. 아이의 그림 속 마른 나무 아래에는 붉은 천 인형과 아이를 부르는 말이 그려져 있다.,
node.act1.chapter01.episode02.004,body,"붉은 천 인형, 아이를 부르는 말, 지워진 발자국과 수레 자국은 모두 숲으로 이어진다. 서진은 산귀 소문 뒤에 숨은 진실을 아직 단정하지 않기로 한다.",
node.act1.chapter01.episode02.005,body,서진은 유진과 함께 지워진 흔적을 따라 숲으로 들어가기로 한다. 실종 사건은 괴담이 아니라 추적해야 할 사건이 되었다.,
node.battle.normal.001,body,"짐마차를 끌던 상인이 다급히 달려와 일행의 앞을 막아섰다.\n\n그의 옷은 먼지투성이였고 얼굴에는 공포가 가득했다.\n\n""제발 도와주시오! 짐이고 돈이고 다 버릴 테니 목숨만 살고 싶소!""\n\n상인은 떨리는 손으로 뒤쪽을 가리켰다.\n\n멀지 않은 곳에서 인기척이 빠르게 다가오고 있었다.\n\n무엇이 쫓아오는지는 알 수 없었지만, 적의를 품고 있다는 것만은 분명했다.\n\n서진은 말없이 무기를 고쳐 쥐었다.",
node.battle.normal.002,body,"길가에 쓰러진 포졸 하나가 피를 흘리며 숨을 몰아쉬고 있었다.\n\n그의 손에는 부러진 창대가 쥐어져 있었고, 갑옷 곳곳에는 급히 막은 상처가 남아 있었다.\n\n""그냥 지나치지 마시오... 아직 끝난 것이 아닙니다.""\n\n포졸은 떨리는 손으로 길 너머를 가리켰다.\n\n어둠 속에서 무언가가 천천히 다가오는 기척이 들렸다.\n\n그가 누구와 싸웠는지, 무엇을 지키려 했는지는 알 수 없었다.\n\n하지만 지금 그를 버려두면 다음 희생자가 생길 것은 분명했다.\n\n서진은 포졸을 뒤로 물리고 앞으로 나섰다.",
node.battle.normal.003,body,"한 여인이 길가에 주저앉은 채 흐느끼고 있었다.\n\n그녀의 손에는 아이의 것으로 보이는 작은 노리개가 쥐어져 있었다.\n\n""아이가... 아이가 사라졌어요.""\n\n여인은 떨리는 목소리로 숲 안쪽을 가리켰다.\n\n안쪽에서는 나뭇가지가 부러지는 소리와 함께 정체를 알 수 없는 기척이 들려오고 있었다.\n\n아이를 데려간 것이 사람인지 짐승인지, 혹은 다른 무엇인지는 알 수 없었다.\n\n하지만 시간이 지날수록 아이가 위험해질 가능성은 커질 뿐이었다.\n\n서진은 주변을 둘러본 뒤 조용히 숲 안으로 발걸음을 옮겼다.",
node.battle.normal.004,body,"길모퉁이에서 장례 행렬이 멈춰 서 있었다.\n\n상여를 멘 이들은 더 앞으로 나아가지 못한 채 서로의 눈치만 살피고 있었다.\n\n행렬 앞에 선 노인이 떨리는 목소리로 말했다.\n\n""며칠째 이 길을 지나려는 장례마다 저것들이 막아서고 있습니다. 산 사람도, 죽은 사람도 보내주지 않으려는 모양입니다.""\n\n그 말이 끝나기도 전에 길 저편에서 낮은 울음 같은 소리가 번져 나왔다.\n\n상여꾼들이 뒷걸음질 치자 행렬은 금세 흐트러졌다.\n\n서진은 상여 앞으로 걸음을 옮겼다.\n\n죽은 이를 보내는 길마저 빼앗기게 둘 수는 없었다.",
node.battle.normal.005,body,"좁은 산길 어귀에서 한 수도승이 길을 가로막고 서 있었다.\n\n그는 낡은 승복을 걸치고 있었지만 눈빛만큼은 이상할 정도로 날카로웠다.\n\n""앞으로 가지 마시오.""\n\n수도승은 짧게 말한 뒤 숲 너머를 바라보았다.\n\n잠시 후, 바람도 없는데 주변 나무들이 흔들리기 시작했다.\n\n어둠 속에서는 누군가가 숨을 죽인 채 지켜보는 듯한 기척이 느껴졌다.\n\n수도승은 염주를 움켜쥐며 낮게 중얼거렸다.\n\n""이미 따라붙었군.""\n\n서진은 그의 시선을 따라 검을 뽑아 들었다.",
node.ch1.act1.001,body,"청운촌에 가까워질수록 공기는 이상하리만큼 무거워졌다.\n\n마을 입구에는 쓰러진 수레와 버려진 짐들이 흩어져 있었고, 멀리서 사람들의 비명과 짐승 같은 울음소리가 뒤섞여 들려왔다.\n\n서진이 광장 쪽으로 발을 옮기자, 검은 천을 두른 무리들이 주민들을 몰아붙이고 있었다.\n\n아직 사정을 들을 시간은 없었다.\n\n지금 필요한 것은 질문이 아니라, 마을 사람들을 지키는 일이었다.",
node.ch1.act1.002,body,와주셔서 감사합니다. 청운촌 촌장 최만석이라 합니다. 한 달 사이 아이 셋이 사라졌습니다.,
node.ch1.act1.003,body,"촌장은 잠시 광장을 둘러보았다.\n\n주민들은 서로를 의심했고, 누구는 산적을 말했으며, 누구는 숲의 저주를 말했다.\n\n하지만 분명한 것은 아이들이 아직 돌아오지 않았다는 사실뿐이었다.",
node.ch1.act1.004a,body,서진은 사건의 흔적을 먼저 확인하기로 했다.\n\n촌장은 숲에서 막 돌아온 궁수가 있다며 마을 외곽을 가리켰다.\n\n흙 묻은 화살을 정리하던 궁수는 이미 무언가를 발견한 얼굴이었다.\n\n숲을 잘 아는 사람을 만나보겠습니다.,
node.ch1.act1.004b,body,서진은 주민들의 이야기를 직접 듣기로 했다.\n\n촌장은 실종된 아이의 어머니가 아직 진료소에 있다며 낮은 목소리로 말했다.\n\n그 곁에는 사람들을 진정시키는 젊은 의원이 있었다.\n\n아이들에 대해 아는 사람부터 만나보겠습니다.,
node.ch1.act1.005a,body,"서진은 주민들의 이야기를 직접 듣기로 했다.\n\n촌장은 실종된 아이의 어머니가 아직 진료소에 있다며 낮은 목소리로 말했다.\n\n그 곁에는 사람들을 진정시키는 젊은 의원이 있었다.\n\n아이의 집 안에는 울음을 참지 못하는 어머니와 그 곁을 지키는 젊은 의원이 있었다.\n\n의원은 서진을 보더니 조용히 고개를 숙였다.\n\n""아이를 찾으러 오셨군요.""\n\n""범인이 누구인지는 모르겠습니다. 하지만 아직 늦었다고 생각하지 않습니다.""",
node.ch1.act1.005b,body,"서진은 사건의 흔적을 먼저 확인하기로 했다.\n\n촌장은 숲에서 막 돌아온 궁수가 있다며 마을 외곽을 가리켰다.\n\n마을 외곽, 숲 입구 근처.\n\n흙이 젖은 길 위에 한 궁수가 무릎을 꿇고 발자국을 살피고 있었다.\n\n그녀는 서진이 다가오는 소리를 듣고도 고개를 들지 않았다.\n\n""여기. 사람 발자국이야.""\n\n""수레 자국도 있고. 그런데 이상하게 중간부터 흔적이 사라져.""",
node.ch1.act1.006a,body,"젊은 의원은 잠시 말이 없었다.\n\n실종된 아이들의 이름이 적힌 종이를 바라보던 그는 조용히 입을 열었다.\n\n""살아있다고 믿고 찾아야 합니다.""\n\n""죽었다고 단정하는 순간, 구할 수 있는 것도 놓치게 됩니다.""\n\n그의 목소리에는 막연한 희망이 아니라 끝까지 포기하지 않겠다는 고집이 담겨 있었다.\n\n""적어도 저는 아직 장례를 치를 생각이 없습니다.""",
node.ch1.act1.006b,body,"""귀신이 밧줄을 끌고 수레를 몰진 않겠지.""\n\n""적어도 시작은 사람 짓이야.""\n\n하지만 그녀의 시선은 곧 숲 안쪽으로 향했다.\n\n""끝도 사람 짓일지는 아직 몰라.""",
node.ch1.act1.007a,body,"""숲에서 언니가 부른다고 했습니다.""\n\n""그저 아이들 장난인 줄 알았습니다.""\n\n그림 속 나무 아래에는 붉은 천으로 만든 작은 인형이 그려져 있었다.\n\n젊은 의원은 작은 약상자를 챙겼다.\n\n""숲으로 들어간다면 다친 아이가 있을지도 모릅니다.""",
node.ch1.act1.007b,body,"""좋아. 말보다 발이 빠른 사람은 마음에 들어.""\n\n""다만 숲 안에서는 내 말도 들어야 해.""\n\n""길을 잘못 들면 사람도 짐승도 똑같이 죽어.""\n\n그녀는 숲 안쪽을 바라보았다. 두려워하는 기색은 없었지만, 가볍게 보는 얼굴도 아니었다.",
node.ch1.act1.008a,body,"젊은 의원은 작은 약상자를 챙겼다.\n\n숲으로 들어간다면 다친 아이가 있을지도 모릅니다.\n\n서진은 그가 단순히 걱정만 하는 사람이 아니라, 함께 움직일 준비가 된 사람이라는 것을 알 수 있었다.",
node.ch1.act1.008b,body,"궁수는 숲 안쪽을 바라보았다.\n\n두려워하는 기색은 없었지만, 가볍게 보는 얼굴도 아니었다.\n\n서진은 이 사건을 쫓기 위해서는 흔적을 읽는 사람이 필요하다고 판단했다.",
node.ch1.act2.001,body,"청운촌 광장은 텅 비어 있었다.\n\n아이들이 사라진 뒤, 주민들은 서로를 의심했고 누구는 산적을, 누구는 숲의 저주를 말했다.\n\n촌장 최만석은 서진을 보자 낮게 고개를 숙였다.\n\n""와주셔서 감사합니다. 한 달 사이 아이 셋이 사라졌습니다.""\n\n분명한 것은 하나였다. 아이들은 아직 돌아오지 않았다.",
node.ch1.act2.005a,body,"서진은 주민들의 이야기를 직접 듣기로 했다.\n\n촌장은 실종된 아이의 어머니가 아직 진료소에 있다며 낮은 목소리로 말했다.\n\n그 곁에는 사람들을 진정시키는 젊은 의원이 있었다.\n\n아이의 집 안에는 울음을 참지 못하는 어머니와 그 곁을 지키는 젊은 의원이 있었다.\n\n의원은 서진을 보더니 조용히 고개를 숙였다.\n\n""아이를 찾으러 오셨군요.""\n\n""범인이 누구인지는 모르겠습니다. 하지만 아직 늦었다고 생각하지 않습니다.""",
node.ch1.act2.005b,body,"서진은 사건의 흔적을 먼저 확인하기로 했다.\n\n촌장은 숲에서 막 돌아온 궁수가 있다며 마을 외곽을 가리켰다.\n\n마을 외곽, 숲 입구 근처.\n\n흙이 젖은 길 위에 한 궁수가 무릎을 꿇고 발자국을 살피고 있었다.\n\n그녀는 서진이 다가오는 소리를 듣고도 고개를 들지 않았다.\n\n""여기. 사람 발자국이야.""\n\n""수레 자국도 있고. 그런데 이상하게 중간부터 흔적이 사라져.""",
node.ch1.act2.006a,body,"젊은 의원은 잠시 말이 없었다.\n\n실종된 아이들의 이름이 적힌 종이를 바라보던 그는 조용히 입을 열었다.\n\n""살아있다고 믿고 찾아야 합니다.""\n\n""죽었다고 단정하는 순간, 구할 수 있는 것도 놓치게 됩니다.""\n\n그의 목소리에는 막연한 희망이 아니라 끝까지 포기하지 않겠다는 고집이 담겨 있었다.\n\n""적어도 저는 아직 장례를 치를 생각이 없습니다.""",
node.ch1.act2.006b,body,"""귀신이 밧줄을 끌고 수레를 몰진 않겠지.""\n\n""적어도 시작은 사람 짓이야.""\n\n하지만 그녀의 시선은 곧 숲 안쪽으로 향했다.\n\n""끝도 사람 짓일지는 아직 몰라.""",
node.ch1.act2.007a,body,"""숲에서 언니가 부른다고 했습니다.""\n\n""그저 아이들 장난인 줄 알았습니다.""\n\n그림 속 나무 아래에는 붉은 천으로 만든 작은 인형이 그려져 있었다.\n\n젊은 의원은 작은 약상자를 챙겼다.\n\n""숲으로 들어간다면 다친 아이가 있을지도 모릅니다.""",
node.ch1.act2.007b,body,"""좋아. 말보다 발이 빠른 사람은 마음에 들어.""\n\n""다만 숲 안에서는 내 말도 들어야 해.""\n\n""길을 잘못 들면 사람도 짐승도 똑같이 죽어.""\n\n그녀는 숲 안쪽을 바라보았다. 두려워하는 기색은 없었지만, 가볍게 보는 얼굴도 아니었다.",
node.ch1.act3_1.001,body,의원이 짚어준 단서를 따라 숲 안쪽으로 들어가자 오래된 산길이 모습을 드러냈다.\n\n평범한 사람이 다니는 길은 아니었다.\n\n서진은 누군가 의도적으로 흔적을 감추고 있다는 느낌을 받았다.,
node.ch1.act3_1.002,body,"숲 깊은 곳에서 서진은 다친 아이를 돌보고 있는 젊은 의원을 다시 만나게 되었다.\n\n그는 이미 자신의 안전보다 아이들을 우선하고 있었다.\n\n""혹시 살아있는 아이를 찾게 된다면 반드시 치료할 사람이 필요합니다.""\n\n""저도 함께 가겠습니다.""",
node.ch1.act3_2.001,body,"지한이 합류하자 숲길의 공기는 조금 달라졌다.\n\n서진은 더 이상 혼자가 아니었지만, 사라진 아이들의 흔적은 여전히 희미했다.\n\n두 사람은 오래된 발자국과 부러진 나뭇가지를 따라 더 깊은 곳으로 향했다.",
node.ch1.act3_2.002,body,"숲속 공터에는 낡은 수련장의 흔적이 남아 있었다.\n\n그곳에서 서진은 홀로 주변을 경계하던 젊은 무인을 만났다.\n\n그는 아이들을 데려간 자들의 흔적을 쫓고 있었고, 이미 몇 차례 위험한 싸움을 치른 듯했다.\n\n""혼자서는 더 깊이 들어갈 수 없었습니다.""\n\n""같은 목적이라면, 저도 함께하겠습니다.""",
node.ch1.act4.001,body,"동료가 알려준 단서를 따라 산길 깊숙한 곳으로 들어서자 낡은 산채가 모습을 드러냈다.\n\n청운촌을 습격했던 자들의 본거지였다.\n\n망루 위에서는 감시병들이 주변을 살피고 있었고, 안쪽에서는 무기를 정비하는 소리가 희미하게 들려왔다.\n\n그러나 가까이 다가갈수록 이상한 점이 눈에 띄었다.\n\n산적들이 사용하기에는 지나치게 정교한 장비와 규격화된 무기들이 곳곳에 쌓여 있었다.\n\n누군가가 이들을 조직적으로 지원하고 있다는 뜻이었다.\n\n""여기가 끝이 아니군.""\n\n서진은 검을 뽑아 들었다.\n\n진실을 밝히기 위해서는 먼저 이곳을 정리해야 했다.",
node.ch1.act4_1.001,body,"지한이 합류한 뒤, 서진 일행은 산적들이 지나간 흔적을 따라 산길로 들어섰다.\n\n길가에는 짓밟힌 약초와 찢어진 천 조각이 흩어져 있었다.\n\n지한은 그중 하나를 집어 들고 잠시 눈을 가늘게 떴다.\n\n""이건 아이 옷감입니다. 오래되지 않았습니다.""\n\n말이 끝나기도 전에 숲 아래쪽에서 낮은 울음소리가 번졌다.\n\n피 냄새를 맡은 짐승들이 몰려오고 있었다.\n\n지한은 약상자를 내려놓고 부상자에게 향할 길을 가리켰다.\n\n""제가 뒤를 보겠습니다. 길을 열어주십시오.""\n\n서진은 고개를 끄덕이고 검을 뽑았다.\n\n이 싸움은 단순히 적을 쓰러뜨리는 일이 아니었다.\n\n누군가를 살리기 위해 함께 움직일 수 있는지를 확인하는 첫 전투였다.",
node.ch1.act4_2.001,body,"유진이 합류한 뒤, 서진 일행은 숲 입구 너머로 이어진 발자국을 따라 움직였다.\n\n흙길에는 사람 발자국과 수레 자국이 함께 남아 있었다.\n\n하지만 이상하게도 흔적은 숲 중턱에서 갑자기 끊겨 있었다.\n\n유진은 무릎을 꿇고 흙을 쓸어보더니 짧게 숨을 내쉬었다.\n\n""여기서 사라진 게 아니야. 지운 거야.""\n\n그 말과 동시에 숲 안쪽에서 화살이 날아와 나무에 박혔다.\n\n산적의 정찰대가 길목을 막고 있었다.\n\n유진은 활시위를 당기며 서진의 옆에 섰다.\n\n""길은 내가 찾을게. 앞은 네가 열어.""\n\n서진은 검을 뽑았다.\n\n이 싸움은 단순한 추격전이 아니었다.\n\n서로의 판단을 믿고 움직일 수 있는지를 확인하는 첫 전투였다.",
node.ch1.act5_1.001,body,"피 묻은 산길을 돌파한 뒤에도 지한은 쉽게 걸음을 늦추지 않았다.\n\n그는 짓밟힌 풀잎과 낡은 천 조각을 살피며 아이들이 지나간 방향을 좇았다.\n\n서진은 지한의 판단을 따라 숲속 더 깊은 곳으로 들어섰다.\n\n얼마 지나지 않아 나무 사이로 오래된 수련장이 모습을 드러냈다.\n\n기둥은 썩어 있었고, 부러진 목검들이 흙바닥에 반쯤 묻혀 있었다.\n\n그곳 한가운데에서 젊은 무인이 홀로 서 있었다.\n\n그의 옷자락에는 피가 말라붙어 있었고, 발치에는 쓰러진 산적의 흔적이 남아 있었다.\n\n""아이들을 데려간 자들을 쫓고 있었습니다.""\n\n무인은 서진과 지한을 번갈아 바라보았다.\n\n""하지만 혼자서는 더 깊이 들어갈 수 없었습니다.""\n\n지한은 낮은 목소리로 말했다.\n\n""다친 아이가 있다면 시간이 없습니다.""\n\n서진은 무인을 향해 손을 내밀었다.\n\n목적이 같다면, 이제 따로 움직일 이유는 없었다.",
node.ch1.act5_2.001,body,"정찰대를 돌파한 뒤에도 유진은 발걸음을 멈추지 않았다.\n\n그녀는 흙 위에 남은 얕은 자국과 꺾인 풀잎을 따라 숲 안쪽으로 방향을 틀었다.\n\n서진은 유진의 판단을 믿고 뒤를 따랐다.\n\n얼마 지나지 않아 나무 사이로 낡은 오두막이 모습을 드러냈다.\n\n문 앞에는 급히 씻어낸 피 묻은 천과 부러진 나뭇가지로 만든 간이 부목이 놓여 있었다.\n\n안쪽에서는 낮은 목소리로 아이를 달래는 소리가 들려왔다.\n\n그곳에는 젊은 의원 지한이 있었다.\n\n그는 지친 얼굴이었지만, 손은 조금도 떨리지 않았다.\n\n""살아있는 아이가 있습니다. 하지만 오래 버티지는 못합니다.""\n\n유진은 활을 낮추고 주변을 살폈다.\n\n""쫓는 길은 내가 찾을 수 있어. 하지만 다친 아이를 데리고는 움직일 사람이 필요해.""\n\n서진은 지한을 바라보았다.\n\n아이들을 구하기 위해서는 흔적을 읽는 눈만으로는 부족했다.\n\n살려낼 손이 필요했다.",
node.ch1.act6.001,body,"지한이 살핀 상처의 흔적과 유진이 읽어낸 발자국은 같은 방향을 가리키고 있었다.\n\n서진 일행은 두 단서가 만나는 산길 끝에서 낡은 산채를 발견했다.\n\n청운촌을 습격했던 자들의 본거지였다.\n\n망루 위에서는 감시병들이 주변을 살피고 있었고, 안쪽에서는 무기를 정비하는 소리가 희미하게 들려왔다.\n\n그러나 가까이 다가갈수록 이상한 점이 눈에 띄었다.\n\n산적들이 사용하기에는 지나치게 정교한 장비와 규격화된 무기들이 곳곳에 쌓여 있었다.\n\n누군가가 이들을 조직적으로 지원하고 있다는 뜻이었다.\n\n지한은 산채 안쪽을 바라보며 낮게 말했다.\n\n""아이들이 안에 있다면 오래 버티지 못합니다.""\n\n유진은 활시위를 당기며 망루의 움직임을 살폈다.\n\n""길은 보인다. 하지만 조용히 끝낼 수는 없겠어.""\n\n서진은 두 동료를 돌아본 뒤 검을 뽑아 들었다.\n\n이제 세 사람은 같은 목적을 향해 서 있었다.\n\n진실을 밝히기 위해서는 먼저 이 산채를 돌파해야 했다.",
node.ch1.episode1.001,body,"서진이 청운촌의 이름을 들은 것은 산 아래 객잔에서였다.\n\n가뭄에 시달리는 산촌에서 아이들이 사라지고, 밤마다 산에 사는 귀신이 아이들을 부른다는 소문이었다. 누군가는 산적의 짓이라 했고, 누군가는 산귀의 저주라 했다.\n\n서진은 그런 소문을 그냥 지나치지 못했다. 어린 시절, 그는 가뭄을 피해 가족과 산길을 떠돌다 청운촌 근처에서 여동생의 손을 놓쳤다. 그날 이후 아이가 사라졌다는 말은 늘 같은 후회로 돌아왔다.\n\n청운촌에 가까워질수록 공기는 무겁고 메말랐다. 논은 갈라져 있었고, 길가의 수레는 쓰러져 있었으며, 마을 쪽에서는 사람들의 비명과 짐승 같은 울음소리가 뒤섞여 들려왔다.\n\n광장에는 검은 천을 두른 무리들이 주민들을 몰아붙이고 있었다.\n\n사정을 물을 시간은 없었다.\n\n지금 필요한 것은 질문이 아니라, 살아 있는 사람들을 지키는 일이었다.",
node.ch1.episode2.001,body,습격이 물러간 뒤에도 청운촌 광장에는 가뭄과 불안이 짙게 남아 있었다. 촌장 최만생은 실종된 아이들이 모두 숲 근처에서 마지막으로 목격되었다고 말한다.,
node.ch1.episode2.005a,body,실종 아이의 집에는 지친 어머니와 아이 이름이 적힌 종이가 남아 있었다. 지한은 아이가 아직 살아 있을 가능성을 먼저 버려서는 안 된다고 말한다.,
node.ch1.episode2.005b,body,숲 입구 근처에는 사람 발자국과 수레 자국이 남아 있었다. 유진은 흔적이 사라진 것이 아니라 누군가 지운 것이라고 판단한다.,
node.ch1.episode2.006a,body,"지한은 실종된 아이들의 이름이 적힌 종이를 바라보며, 살아 있다고 믿고 찾아야 한다고 말한다. 그의 목소리에는 막연한 위로가 아니라 끝까지 포기하지 않겠다는 고집이 담겨 있다.",
node.ch1.episode2.006b,body,유진은 숲 안쪽을 바라보며 귀신이 밧줄을 끌고 수레를 몰지는 않는다고 말한다. 그 말에는 소문을 비웃는 냉소보다 설명되지 않는 무언가를 경계하는 신중함이 섞여 있다.,
node.ch1.episode2.007a,body,아이의 그림 속 마른 나무 아래에는 붉은 천으로 만든 작은 인형이 그려져 있었다. 아이를 부르는 말과 숲으로 이어지는 단서는 산귀 소문과 닿아 있는 듯하다.,
node.ch1.episode2.007b,body,"유진은 활을 고쳐 메고 일어선다. 숲 안에서는 길을 잘못 들면 사람도 짐승도 똑같이 죽는다고 말하며, 서진에게 자신의 흔적 읽기를 따르라고 한다.",
node.ch1.episode3_1.001,body,"서진은 붉은 천 인형의 흔적과 아이의 마지막 말을 따라 숲 안쪽의 오래된 산길로 들어선다. 꺾인 풀, 희미한 작은 발자국, 낡은 천 조각이 누군가 흔적을 감추며 아이들을 깊은 곳으로 이끌었다는 인상을 남긴다.",
node.ch1.episode3_1.002,body,"숲 깊은 낡은 오두막 앞에는 피 묻은 천과 급히 만든 부목이 남아 있다. 안쪽에서 지한은 다친 아이를 돌보고 있으며, 살아 있는 아이들을 찾으려면 치료할 사람이 필요하다고 말한다.",
node.ch1.episode3_1.003,body,"지한이 아이를 뒤로 물린 직후, 오두막 뒤 수풀에서 거친 숨소리가 들린다. 굶주린 들개와 산늑대, 검은 천 추격자들이 좁은 산길을 막아서며 오두막 쪽으로 다가온다.",
node.ch1.episode3_1.004,body,"다친 아이를 데리고 당장 도망칠 수는 없다. 서진은 오두막 앞 길목에 서고, 지한은 아이 곁을 지키며 뒤를 맡는다.",
node.ch1.episode3_2.001,body,서진은 지워진 발자국과 수레 자국을 따라 숲길 깊숙이 들어간다. 오래된 산길에는 일부러 흩어 놓은 발자국과 낡은 천 조각이 남아 있다.,
node.ch1.episode3_2.002,body,"숲속 공터의 낡은 수련장에서 서진은 홀로 주변을 경계하던 궁수 유진을 만난다. 유진은 아이들을 데려간 자들을 쫓고 있었고, 같은 목적이라면 함께 가겠다고 말한다.",
node.ch1.episode3_2.003,body,"유진이 합류한 직후, 수련장을 감시하던 산적들이 모습을 드러낸다. 서진은 유진이 시야를 확보할 수 있도록 앞을 막아서며 전투를 준비한다.",
node.ch1.episode4_1.001,body,"지한이 합류한 뒤, 서진 일행은 붉은 천의 흔적을 따라 산길로 들어선다. 길가에는 짓밟힌 약초, 찢어진 옷감, 작은 발자국이 흩어져 있다.",
node.ch1.episode4_1.002,body,"굶주린 짐승들의 울음소리가 번지지만, 지금 필요한 것은 짐승을 자극하는 일이 아니다. 서진과 지한은 피 묻은 천이 이어지는 방향을 조심스럽게 확인한다.",
node.ch1.episode4_2.001,body,"유진이 합류한 뒤, 서진 일행은 숲 중턱까지 사람 발자국과 수레 자국을 따라간다. 흔적은 갑자기 끊긴 듯 보이지만, 유진은 그것이 지워진 것이라고 판단한다.",
node.ch1.episode4_2.002,body,"낡은 화살, 숲빛 망토 조각, 검푸른 염료와 산귀 나무패가 모습을 드러낸다. 이 일은 단순한 괴담이 아니라, 누군가 산귀의 흔적처럼 꾸민 사건이다.",
node.ch1.episode5_1.001,body,"피 묻은 산길을 지나 서진과 지한은 숲속 깊은 곳의 낡은 수련장에 도착한다. 썩은 기둥과 부러진 목검 사이에서, 붉은 천 조각을 쥔 유진이 아이들의 흔적을 쫓고 있다.",
node.ch1.episode5_1.002,body,유진은 산귀 소문도 산적의 흔적도 같은 곳을 향하고 있다고 말한다. 서진은 목적이 같다면 따로 움직일 이유가 없다고 판단한다.,
node.ch1.episode5_1.003,body,"세 사람이 움직이려는 순간, 수련장 바깥의 풀숲이 일제히 흔들린다. 산적들과 굶주린 짐승들이 퇴로를 막고, 서진 일행은 포위망을 뚫어야 한다.",
node.ch1.episode5_2.001,body,"정찰대를 돌파한 뒤, 유진은 얕은 자국과 꺾인 풀잎을 따라 숲 안쪽의 낡은 오두막에 도착한다. 문 앞에는 피 묻은 천과 간이 부목이 놓여 있다.",
node.ch1.episode5_2.002,body,"오두막 안에는 다친 아이를 돌보는 지한이 있다. 유진은 흔적을 읽을 수 있지만, 아이를 살릴 사람도 필요하다고 말한다.",
node.ch1.episode5_2.003,body,"오두막 밖에서 낮은 휘파람 소리가 들린다. 아이를 놓친 자들이 문과 창문을 에워싸고, 서진과 유진은 지한이 아이를 데리고 빠져나갈 수 있도록 길을 열어야 한다.",
node.ch1.episode6.001,body,지한이 살핀 상처의 흔적과 유진이 읽어낸 발자국은 같은 방향을 가리킨다. 서진 일행은 산길 끝에서 청운촌을 습격했던 자들의 근거지인 낡은 산채를 발견한다.,
node.ch1.episode6.002,body,"산채 안에는 정교한 장비, 아이들을 가두기 위한 우리, 산귀를 본뜬 부적과 붉은 인형이 놓여 있다. 산적들은 산귀 소문을 이용하고 있지만, 오래된 제단에는 설명되지 않는 흔적도 남아 있다.",
node.ch1.episode6.003,body,"망루의 감시병과 문 앞의 보초들이 움직이기 시작한다. 아이들을 구하려면 먼저 이 산채를 돌파해야 하고, 그 안쪽에는 산적보다 오래된 무언가가 기다리고 있다.",
node.job.first_job.001,body,길고 긴 전투 끝에 일행은 낡은 전직의 제단 앞에 섰다.\n\n제단에는 각자의 길을 증명한 자만이 새 이름을 받을 수 있다는 문장이 새겨져 있었다.\n\n서진은 동료들을 돌아보았다.\n\n누구도 이전과 같은 모습으로 남아 있을 수는 없었다.\n\n이제 각자는 자신의 본래 직업에서 한 단계 더 깊은 길을 선택해야 했다.,
node.story.easy.001,body,"마을 어귀의 작은 빨래터에 맑은 물소리가 흐르고 있었다.\n아이들은 물가에서 조약돌을 고르고, 노인은 널어둔 천이 바람에 날아가지 않도록 붙잡고 있었다.\n잠시 손을 보태면 모두가 편해질 듯하다.",
node.story.easy.002,body,낮은 울타리 너머로 잘 익은 과일 향이 흘러나왔다.\n과수원 주인은 떨어진 과일을 주우며 바쁘게 움직이고 있었다.\n길손에게도 잠깐 머물 자리를 내어줄 만큼 인심이 좋아 보인다.,
node.story.easy.003,body,작은 강아지 한 마리가 길가에서 꼬리를 내린 채 낑낑거리고 있었다.\n목줄에는 마을 이름이 적힌 낡은 나무패가 달려 있었다.\n멀리서 누군가 애타게 부르는 소리가 들린다.,
node.story.easy.005,body,새벽 이슬이 맺힌 작은 약초밭을 발견했다.\n밭 주인은 허리를 펴며 수확할 손이 부족하다고 웃었다.\n약초 향은 맑고 부드러워 가까이 있는 것만으로도 기분이 나아진다.,
node.story.easy.006,body,잔잔한 물가에 작은 나룻배가 묶여 있었다.\n사공은 노를 손질하며 손님이 올 때까지 기다리고 있었다.\n강물은 낮고 평온해 잠깐 건너기에도 좋아 보인다.,
node.story.easy.007,body,길모퉁이 작은 찻집에서 은은한 차 향이 새어 나왔다.\n주인은 하루 장사를 마치며 남은 불씨를 정리하고 있었다.\n잠깐 앉아 쉬어도 좋다는 손짓을 보냈다.,
node.story.easy.008,body,갈림길 표지판에 푸른 리본이 묶여 있었다.\n바람에 리본이 흔들릴 때마다 낡은 표지판이 삐걱거렸다.\n누군가 길을 잃지 않도록 남겨둔 표시 같았다.,
node.story.easy.009,body,숲 가장자리 벤치 위에 작은 음악 상자가 놓여 있었다.\n뚜껑은 닫혀 있었지만 안쪽에서 희미한 선율이 새어 나왔다.\n근처에는 물건을 찾는 듯한 소녀가 두리번거리고 있었다.,
node.story.easy.011,body,"해가 뜨기 전의 작은 시장에 등불 몇 개가 흔들리고 있었다.\n상인들은 좌판을 펴느라 분주했고, 한 과일 장수가 빈 상자를 옮기다 잠시 멈춰 섰다.\n조용히 손을 보태기 좋은 순간이다.",
node.story.easy.012,body,"얕은 개울 위로 놓인 나무다리가 비스듬히 기울어져 있었다.\n아이 하나가 다리 앞에서 망설이고, 물살에는 부러진 나뭇가지가 걸려 있었다.\n서두르지 않으면 누구나 안전하게 건널 수 있을 듯하다.",
node.story.easy.013,body,"골목 모퉁이의 작은 꽃집 앞에 화분들이 줄지어 놓여 있었다.\n갑작스러운 바람에 흙이 흩어지고, 주인은 물뿌리개를 찾느라 가게 안팎을 오가고 있었다.\n잠깐만 도우면 꽃들이 다시 고개를 들 것 같다.",
node.story.easy.014,body,"낮은 언덕 위의 풍차가 느리게 돌아가고 있었다.\n밀가루 자루 몇 개가 문 앞에 놓여 있고, 풍차지기는 삐걱거리는 날개를 걱정스럽게 올려다보았다.\n바람은 잔잔하고 주변은 평화롭다.",
node.story.easy.015,body,작은 여관 지붕 위에서 빈 바구니가 덜컹거렸다.\n여관 주인은 바람에 날아간 수건을 찾으며 사다리를 붙잡고 있었다.\n높지 않은 지붕이라 조심하면 금방 정리할 수 있을 것 같다.,
node.story.easy.016,body,"작은 마을의 마른 우물 옆에 낡은 두레박이 놓여 있었다.\n우물가는 조용했지만, 아이들이 물동이를 들고 빈손으로 돌아가려는 모습이 보였다.\n조금만 손을 보태면 아직 남은 물을 길어 올릴 수 있을 듯하다.",
node.story.hard.001,body,산등성이의 버려진 초소가 검은 안개에 잠겨 있었다.\n안개 속에서는 오래된 경보 종이 바람도 없이 흔들렸다.\n초소 안쪽 어둠에는 누군가 남긴 기록과 보급품이 있을지도 모른다.,
node.story.hard.002,body,"깎아지른 절벽 위에서 붉은 천 조각이 흔들리고 있었다.\n아래쪽에서는 사람 목소리인지 바람 소리인지 모를 울림이 들렸다.\n발을 헛디디면 위험하지만, 그냥 지나치기에는 신호가 또렷하다.",
node.story.hard.003,body,"붉은 달빛 아래 낡은 공동묘지가 모습을 드러냈다.\n묘지기는 무너진 묘비를 세우며 침묵을 지키고 있었다.\n땅 밑에서는 낮은 울림이 들리고, 오래 머무를수록 공기가 무거워진다.",
node.story.hard.004,body,"폐광 입구에서 돌가루가 계속 떨어지고 있었다.\n안쪽에서는 막힌 갱도를 두드리는 둔탁한 소리가 들렸다.\n언제 무너질지 알 수 없지만, 안에는 사람이나 귀중한 광물이 남아 있을 수 있다.",
node.story.hard.006,body,짙은 늪지에 보랏빛 독초가 빽빽하게 피어 있었다.\n늪 가장자리에는 길을 잃은 채 쓰러진 짐꾼의 발자국이 이어져 있었다.\n숨을 잘못 들이마시면 정신이 흐려질 만큼 공기가 탁하다.,
node.story.hard.007,body,"눈보라가 몰아치는 고갯길에서 얼어붙은 마차를 발견했다.\n바퀴는 얼음에 박혀 있고, 짐칸 안에서는 희미한 숨소리가 들렸다.\n추위가 빠르게 체온을 빼앗아가고 있다.",
node.story.hard.008,body,해 질 무렵 숲길에서 가면을 쓴 행렬과 마주쳤다.\n그들은 말없이 등불을 들고 지나가며 당신에게도 하나의 가면을 내밀었다.\n행렬을 따라가면 비밀스러운 의식 장소에 닿을 듯하다.,
node.story.hard.010,body,"자정이 가까운 시각, 폐쇄된 검문소에 횃불 하나가 켜져 있었다.\n문서 더미는 바람에 흩어져 있고, 감시탑 위에서는 금속이 부딪히는 소리가 났다.\n이곳에서 무엇이 사라졌는지 알아낼 수 있을 것 같다.",
node.story.hard.011,body,"절벽 끝의 감시탑이 반쯤 무너진 채 서 있었다.\n부서진 계단 사이로 찬바람이 불고, 꼭대기에는 아직 꺼지지 않은 신호 등불이 희미하게 흔들렸다.\n조심하지 않으면 작은 돌 하나에도 균형을 잃을 수 있다.",
node.story.hard.012,body,"늪 가장자리에서 오래된 성문이 반쯤 물에 잠겨 있었다.\n문 위의 문장은 진흙으로 뒤덮였고, 물속에서는 무언가 금속성으로 부딪히는 소리가 났다.\n발을 잘못 디디면 깊은 진창에 빠질 수 있다.",
node.story.hard.013,body,"산중턱의 폐광 입구가 두꺼운 얼음으로 막혀 있었다.\n안쪽에서는 오래된 갱도의 나무기둥이 삐걱거리는 소리가 들렸고, 입구 주변에는 광부들이 남긴 표식이 흩어져 있었다.\n차가운 공기가 숨을 얕게 만들었다.",
node.story.hard.014,body,"붉은 협곡의 좁은 길 끝에 꺼진 봉화대가 있었다.\n바닥에는 최근까지 누군가 머문 흔적이 남아 있었고, 절벽 사이로 모래바람이 세차게 몰아쳤다.\n봉화대 위에서는 먼 길을 내려다볼 수 있을 것 같다.",
node.story.hard.015,body,"폐허가 된 관청 지하에 문서고 문이 굳게 잠겨 있었다.\n문틈으로는 마른 종이 냄새와 차가운 먼지가 흘러나왔고, 바닥에는 부서진 열쇠 조각이 흩어져 있었다.\n안쪽 기록은 오래된 비밀을 품고 있을지도 모른다.",
node.story.normal.001,body,"산길을 걷던 중 작은 쉼터를 발견했다.\n낡은 천막 아래에는 백발의 약초꾼이 앉아 있었고, 주변에는 여러 약초가 말려지고 있었다.\n노인은 피곤해 보이는 당신을 바라보며 말을 건넨다.\n\n""먼 길을 걷는 모양이구나. 잠시 쉬어 가겠느냐?""",
node.story.normal.002,body,숲길을 걷던 중 오래된 우물을 발견했다.\n주변에는 사람의 흔적이 없었지만 우물 아래에서는 희미하게 물 흐르는 소리가 들려온다.\n우물 곁에는 낡은 두레박과 밧줄이 남아 있었다.,
node.story.normal.003,body,"강가에 도착하자 작은 나룻배 한 척이 정박해 있었다.\n배를 지키던 노인은 낚싯대를 드리운 채 강물을 바라보고 있었다.\n\n""길을 재촉하는 여행자인가? 잠시 쉬어 가도 좋고, 일을 도와줘도 좋네.""",
node.story.normal.004,body,"해가 저물 무렵, 길가에서 오래된 객잔을 발견했다.\n문은 반쯤 부서져 있었지만 내부는 생각보다 깔끔하게 정리되어 있었다.\n누군가 최근까지 머물다 떠난 듯한 흔적도 남아 있었다.",
node.story.normal.005,body,"산길 끝자락에서 작은 장터를 발견했다.\n상인들은 잠시 쉬어 가며 물건을 정리하고 있었고, 여행객 몇 명이 모닥불 주변에 모여 이야기를 나누고 있었다.\n장터는 곧 해산할 분위기였다.",
node.story.normal.006,body,소나기가 지나간 숲길 위에 젖은 가죽 주머니가 떨어져 있었다.\n주머니 안에는 봉인이 반쯤 풀린 서신과 작은 표식 하나가 들어 있었다.\n멀지 않은 곳에서 누군가 급히 지나간 발자국이 진흙 위에 남아 있다.,
node.story.normal.007,body,계곡을 건너는 낡은 돌다리가 절반쯤 무너져 있었다.\n건너편에서는 짐을 든 여행자가 난처한 얼굴로 주변을 살피고 있었다.\n물살은 거세지만 조금만 손을 보태면 임시로 길을 만들 수 있을 듯하다.,
node.story.normal.008,body,"해가 완전히 저문 뒤, 길가에 홀로 켜진 등불 하나를 발견했다.\n등불 아래에는 방향을 잃은 아이가 웅크리고 있었고, 멀리 마을 종소리가 희미하게 들려왔다.\n숲은 어둡지만 아직 위험한 기척은 느껴지지 않는다.",
node.story.normal.009,body,"낮은 언덕 위에 낡은 바람개비들이 줄지어 서 있었다.\n대부분은 멈춰 있었지만, 가장 큰 바람개비 하나만 삐걱거리며 천천히 돌고 있었다.\n언덕 아래 농부가 망가진 장치를 보며 한숨을 쉬고 있다.",
node.story.normal.010,body,"길가에 멈춘 수레 옆에서 수레꾼이 깊이 잠들어 있었다.\n수레에는 천으로 덮인 짐이 실려 있었고, 말은 지친 듯 고개를 숙이고 있었다.\n주변에는 다른 사람의 기척이 없어 잠시 살펴볼 시간이 있다.",
node.story.normal.011,body,"비탈길 한가운데에서 짐수레가 멈춰 서 있었다.\n한쪽 바퀴가 진흙에 깊게 빠졌고, 상인은 젖은 짐을 지키느라 얼굴이 굳어 있었다.\n서두르면 길을 막은 수레를 빼낼 수 있을 듯하다.",
node.story.normal.012,body,"마을 외곽의 순찰 종이 밤바람에 희미하게 울렸다.\n초소 안에는 졸음을 참는 파수꾼이 앉아 있었고, 벽에는 최근 길목에서 본 흔적들이 적혀 있었다.\n조심스럽게 살피면 쓸 만한 정보를 얻을 수 있다.",
node.story.normal.013,body,강변 나루터에 빈 나룻배 한 척이 밧줄에 묶여 흔들리고 있었다.\n사공은 끊어진 노끈을 고치며 강 건너 안개를 바라보고 있었다.\n강물은 느리지만 깊어 보여 함부로 움직이기 어렵다.,
node.story.normal.014,body,"숲길 옆에 이끼 낀 석비가 반쯤 쓰러져 있었다.\n글자는 오래되어 흐릿했지만, 누군가 최근에 주변 잡초를 베어낸 흔적이 남아 있었다.\n석비 아래쪽에는 작은 틈이 보인다.",
node.story.normal.016,body,"버려진 서고 안쪽에서 먼지 낀 책장이 비스듬히 기울어져 있었다.\n부러진 사다리 아래에는 흩어진 기록지가 쌓여 있고, 창문 틈으로 들어온 빛이 책등을 가늘게 비추었다.\n조심스럽게 정리하면 쓸 만한 지식을 얻을 수 있을 것 같다.",
stage.act1.ch1.episode02,title,남겨진 단서,
stage.battle.normal.001,body,위협에 쫓기던 상인이 일행에게 도움을 요청한다.,
stage.battle.normal.001,title,도망치는 상인,
stage.battle.normal.002,body,길가에 쓰러진 포졸이 일행에게 남은 위협을 경고한다.,
stage.battle.normal.002,title,부상당한 포졸,
stage.battle.normal.003,body,아이를 잃어버린 여인이 도움을 요청한다.,
stage.battle.normal.003,title,사라진 아이,
stage.battle.normal.004,body,장례 행렬을 가로막은 위협을 물리치고 길을 열어준다.,
stage.battle.normal.004,title,장례 행렬,
stage.battle.normal.005,body,길목을 지키던 수도승이 다가오는 위협을 경고한다.,
stage.battle.normal.005,title,수상한 수도승,
stage.ch1.act1,body,"서진이 청운촌에 도착하자마자 마을을 습격한 적들과 맞서며, 사건의 심각성을 처음 인지하는 도입 액트.",
stage.ch1.act1,title,청운촌의 습격,
stage.ch1.act2,body,"서진이 청운촌 실종 사건의 조사 방향을 정하고, 이후 실제 조사를 진행할 숨겨진 경로를 여는 액트.",
stage.ch1.act2,title,엇갈린 단서,
stage.ch1.act3_1,body,이전 액트에서 열린 경로를 따라 첫 번째 동행자를 영입하는 액트.,
stage.ch1.act3_1,title,첫 번째 동행자,
stage.ch1.act3_2,body,숲길에서 만난 첫 번째 동행자와 함께 다음 단서를 따라가며 두 번째 동행자를 영입하는 액트.,
stage.ch1.act3_2,title,두 번째 동행자,
stage.ch1.act4,body,동료들과 함께 산적들의 근거지를 찾아내고 청운촌 습격의 배후를 추적한다.,
stage.ch1.act4,title,산채의 토벌,
stage.ch1.act4_1,body,"첫 번째 동료로 의원 지한을 선택한 뒤, 산길에서 부상자의 흔적을 따라가며 동료와의 첫 협력 전투를 치른다.",
stage.ch1.act4_1,title,피 묻은 산길,
stage.ch1.act4_2,body,"첫 번째 동료로 궁수 유진을 선택한 뒤, 사라진 흔적을 따라 숲길을 돌파하며 동료와의 첫 협력 전투를 치른다.",
stage.ch1.act4_2,title,끊어진 발자국,
stage.ch1.act5_1,body,"지한을 먼저 동료로 맞이한 서진 일행이 산길의 흔적을 따라가다, 아이들을 쫓던 젊은 무인을 만나 세 번째 파티원을 영입한다.",
stage.ch1.act5_1,title,낡은 수련장,
stage.ch1.act5_2,body,"유진을 먼저 동료로 맞이한 서진 일행이 숲속에서 부상자의 흔적을 따라가다, 아이들을 돌보던 의원 지한을 만나 세 번째 파티원을 영입한다.",
stage.ch1.act5_2,title,숲길의 의원,
stage.ch1.act6,body,동료들과 함께 산적들의 근거지를 찾아내고 청운촌 습격의 배후를 추적한다.,
stage.ch1.act6,title,산채의 토벌,
stage.ch1.episode1,body,"어린 시절 청운촌 근처 산길에서 여동생의 손을 놓친 기억을 안고 떠도는 서진이 아이 실종 소문을 따라 청운촌에 도착하고, 마을을 습격한 검은 천의 무리와 맞서며 사건에 뛰어드는 도입 에피소드.",
stage.ch1.episode1,title,청운촌의 습격,
stage.ch1.episode2,body,"서진은 청운촌 아이 실종 사건의 남겨진 단서를 조사하고, 지한의 생존 가능성 판단과 유진의 추적 판단을 통해 숲으로 이어지는 흔적을 확인한다.",
stage.ch1.episode2,title,남겨진 단서,
stage.ch1.episode3_1,body,"서진은 붉은 천 인형의 흔적을 따라 숲속 오두막에 도착하고, 다친 아이를 돌보는 지한과 동행하게 된다. 곧 굶주린 짐승과 검은 천 추격자들이 오두막 앞 좁은 산길을 막아서며 전투가 시작된다.",
stage.ch1.episode3_1,title,숲속의 승려,
stage.ch1.episode3_2,body,"서진은 지워진 흔적을 따라 숲속 수련장에 이르고, 궁수 유진과 동행한 직후 매복한 산적들과 전투에 들어간다.",
stage.ch1.episode3_2,title,숲길의 궁수,
stage.ch1.episode4_1,body,서진과 지한은 피 묻은 산길을 살피며 실종된 아이들이 아직 살아 있을 가능성과 산속의 이상한 표식을 확인한다.,
stage.ch1.episode4_1,title,피 묻은 산길,
stage.ch1.episode4_2,body,서진과 유진은 지워진 발자국을 추적하며 산귀 소문 뒤에 사람의 손길이 있음을 확인한다.,
stage.ch1.episode4_2,title,끊어진 발자국,
stage.ch1.episode5_1,body,"지한을 먼저 동료로 맞이한 서진 일행은 낡은 수련장에서 유진과 합류하고, 산적들의 포위망을 돌파한다.",
stage.ch1.episode5_1,title,낡은 수련장,
stage.ch1.episode5_2,body,"유진을 먼저 동료로 맞이한 서진 일행은 숲속 오두막에서 지한을 만나고, 다친 아이를 데리고 포위를 돌파한다.",
stage.ch1.episode5_2,title,숲길의 의원,
stage.ch1.episode6,body,"서진 일행은 산적들의 산채를 찾아내고, 산귀 소문을 이용한 사람의 음모와 더 오래된 원한의 흔적을 확인하며 전투에 들어간다.",
stage.ch1.episode6,title,산채의 토벌,
stage.job.first_job,body,기본 직업별 첫 번째 상위 직업으로 전직하는 노드.,
stage.job.first_job,title,첫 번째 전직,
stage.story.easy.001,body,마을 어귀의 빨래터에서 잠시 손을 보태거나 쉬어 간다.,
stage.story.easy.001,title,햇살 아래 빨래터,
stage.story.easy.001.choice.help,label,빨래를 도와준다,
stage.story.easy.001.choice.rest,label,물가에서 쉰다,
stage.story.easy.001.choice.search,label,조약돌을 살펴본다,
stage.story.easy.001.end,body,햇살이 기울기 전에 다시 길을 나선다.,
stage.story.easy.001.help,body,젖은 천을 짜고 빨랫줄을 다시 묶어주었다.\n노인은 고마워하며 여행길에 도움이 될 이야기를 들려주었다.,
stage.story.easy.001.rest,body,차가운 물에 손을 담그고 잠시 쉬었다.\n잔잔한 물소리 덕분에 피로가 조금 가셨다.,
stage.story.easy.001.search,body,반짝이는 조약돌 사이에서 작은 동전 몇 닢을 발견했다.\n누군가 잃어버린 것이지만 주인을 찾을 수는 없었다.,
stage.story.easy.002,body,낮은 울타리 너머로 잘 익은 과일 향이 흘러나왔다.,
stage.story.easy.002,title,달콤한 과수원,
stage.story.easy.002.choice.crate,label,빈 상자를 정리한다,
stage.story.easy.002.choice.eat,label,과일을 얻어먹는다,
stage.story.easy.002.choice.pick,label,과일 줍기를 돕는다,
stage.story.easy.002.crate,body,빈 상자를 옮기던 중 틈새에 끼어 있던 동전 주머니를 발견했다.\n주인은 오래된 물건이라며 가져가도 좋다고 했다.,
stage.story.easy.002.eat,body,막 씻은 과일을 한입 베어 물었다.\n상큼한 단맛이 입안에 퍼지며 기운이 돌아왔다.,
stage.story.easy.002.end,body,과일 향을 뒤로하고 부드러운 흙길을 따라 걷는다.,
stage.story.easy.002.pick,body,바구니 가득 떨어진 과일을 모아주었다.\n주인은 수확 요령과 길가의 지형을 알려주었다.,
stage.story.easy.003,body,작은 강아지 한 마리가 길가에서 꼬리를 내린 채 낑낑거리고 있었다.,
stage.story.easy.003,title,길 잃은 강아지,
stage.story.easy.003.choice.feed,label,먹을 것을 나눠준다,
stage.story.easy.003.choice.return,label,주인에게 데려간다,
stage.story.easy.003.choice.tag,label,목줄을 확인한다,
stage.story.easy.003.end,body,강아지가 안전해진 것을 확인하고 발걸음을 옮긴다.,
stage.story.easy.003.feed,body,가지고 있던 마른 빵을 조금 나눠주었다.\n강아지는 안정을 되찾았고 당신도 잠시 마음이 놓였다.,
stage.story.easy.003.return,body,강아지를 안고 소리가 들리는 쪽으로 향했다.\n주인은 크게 안도하며 당신의 친절을 기억하겠다고 말했다.,
stage.story.easy.003.tag,body,목줄 뒤쪽에 작은 사례금 주머니가 묶여 있었다.\n주인을 찾아주기 위한 표시로 남겨둔 듯했다.,
stage.story.easy.004,body,버려진 사당에서 낡은 종과 등잔을 발견한다.,
stage.story.easy.004,title,종소리 작은 사당,
stage.story.easy.004.bell,body,종을 조심스레 울리자 사당 뒤편의 작은 함이 열렸다. 함 안에는 길손을 위해 남겨 둔 엽전이 들어 있었다.,
stage.story.easy.004.choice.bell,label,종을 한 번 울린다,
stage.story.easy.004.choice.lantern,label,등잔을 살핀다,
stage.story.easy.004.choice.pray,label,나무 패를 바로 세운다,
stage.story.easy.004.end,body,사당의 종소리는 곧 잦아들었다. 길 위에는 다시 조용한 바람만 남았다.,
stage.story.easy.004.lantern,body,등잔 밑에서 말린 약초 꾸러미를 발견했다. 오래되었지만 아직 쓸 수 있는 것이었다.,
stage.story.easy.004.pray,body,"넘어진 나무 패를 바로 세우고 짧게 묵념했다. 사당 안의 찬 기운이 누그러지고, 마음이 조금 가벼워졌다.",
stage.story.easy.004.start,body,"숲길 끝 작은 사당에서 낮고 맑은 종소리가 울렸다. 툇마루에는 먼지가 쌓였고, 꺼진 등잔 옆에는 누군가 남긴 나무 패가 놓여 있었다. 사당은 오래 비어 있었지만, 이상하게도 종만은 방금 울린 듯 미세하게 떨리고 있었다.",
stage.story.easy.005,body,새벽 이슬이 맺힌 작은 약초밭을 발견했다.,
stage.story.easy.005,title,새벽 이슬 약초밭,
stage.story.easy.005.bundle,body,말린 약초 묶음 사이에서 오래된 은화를 발견했다.\n밭 주인은 잊고 있던 것이라며 사례로 건넸다.,
stage.story.easy.005.choice.bundle,label,말린 약초 묶음을 본다,
stage.story.easy.005.choice.harvest,label,약초 수확을 돕는다,
stage.story.easy.005.choice.tea,label,약초차를 마신다,
stage.story.easy.005.end,body,이슬이 마르기 전 밭을 떠나 다음 길로 향한다.,
stage.story.easy.005.harvest,body,잎이 상하지 않도록 조심스레 약초를 땄다.\n밭 주인은 약초를 구별하는 간단한 법을 알려주었다.,
stage.story.easy.005.tea,body,따뜻한 약초차를 천천히 마셨다.\n몸속에 은은한 온기가 퍼졌다.,
stage.story.easy.006,body,잔잔한 물가에 작은 나룻배가 묶여 있었다.,
stage.story.easy.006,title,느린 나룻배,
stage.story.easy.006.choice.dock,label,선착장을 살펴본다,
stage.story.easy.006.choice.ride,label,배에 앉아 쉰다,
stage.story.easy.006.choice.row,label,노 젓기를 거든다,
stage.story.easy.006.dock,body,선착장 나무판 사이에 끼어 있던 작은 주머니를 발견했다.\n사공은 오래된 분실물이라며 가져가도 좋다고 했다.,
stage.story.easy.006.end,body,나룻배가 물결을 가르며 조용히 멀어진다.,
stage.story.easy.006.ride,body,나룻배에 앉아 강바람을 맞았다.\n부드러운 흔들림에 지친 몸이 조금 풀렸다.,
stage.story.easy.006.row,body,사공과 함께 천천히 노를 저었다.\n물길을 읽는 방법을 배우며 강을 무사히 건넜다.,
stage.story.easy.007,body,길모퉁이 작은 찻집에서 은은한 차 향이 새어 나왔다.,
stage.story.easy.007,title,찻집의 남은 불씨,
stage.story.easy.007.choice.counter,label,계산대를 정리한다,
stage.story.easy.007.choice.drink,label,따뜻한 차를 마신다,
stage.story.easy.007.choice.serve,label,찻잔 정리를 돕는다,
stage.story.easy.007.counter,body,계산대 아래에 굴러 들어간 동전을 주워 건넸다.\n주인은 정직함에 고마워하며 일부를 사례로 돌려주었다.,
stage.story.easy.007.drink,body,남은 차를 한 잔 받아 마셨다.\n따뜻한 향이 목을 타고 내려가며 몸이 가벼워졌다.,
stage.story.easy.007.end,body,찻집 문이 닫히고 길 위에는 따뜻한 향만 남았다.,
stage.story.easy.007.serve,body,비어 있는 찻잔과 의자를 가지런히 정리했다.\n주인은 여러 손님에게 들은 길 이야기를 나눠주었다.,
stage.story.easy.008,body,갈림길 표지판에 푸른 리본이 묶여 있었다.,
stage.story.easy.008,title,푸른 리본 표지판,
stage.story.easy.008.choice.fix,label,표지판을 바로 세운다,
stage.story.easy.008.choice.follow,label,리본 길을 따라간다,
stage.story.easy.008.choice.post,label,표지판 밑을 본다,
stage.story.easy.008.end,body,정돈된 표지판을 뒤로하고 망설임 없이 길을 고른다.,
stage.story.easy.008.fix,body,기울어진 표지판을 세우고 리본을 다시 단단히 묶었다.\n길의 방향을 확인하며 주변 지리를 익혔다.,
stage.story.easy.008.follow,body,푸른 리본이 이어진 완만한 길을 걸었다.\n험한 길을 피한 덕분에 체력을 아낄 수 있었다.,
stage.story.easy.008.post,body,표지판 아래 작은 돌무더기에서 동전 몇 닢을 발견했다.\n길 안내를 남긴 사람이 둔 사례금 같았다.,
stage.story.easy.009,body,숲 가장자리 벤치 위에 작은 음악 상자가 놓여 있었다.,
stage.story.easy.009,title,작은 음악 상자,
stage.story.easy.009.choice.listen,label,선율을 들어본다,
stage.story.easy.009.choice.open,label,상자 안을 확인한다,
stage.story.easy.009.choice.return,label,소녀에게 돌려준다,
stage.story.easy.009.end,body,음악 소리가 멀어지고 숲길은 다시 조용해졌다.,
stage.story.easy.009.listen,body,음악 상자의 선율을 잠시 들었다.\n낯설지만 편안한 멜로디가 마음을 달래주었다.,
stage.story.easy.009.open,body,뚜껑 안쪽에 작은 금속 장식과 동전이 들어 있었다.\n소녀는 장식만 챙기고 동전은 사례로 남겼다.,
stage.story.easy.009.return,body,음악 상자를 소녀에게 건넸다.\n소녀는 활짝 웃으며 이 물건에 얽힌 추억을 들려주었다.,
stage.story.easy.010,body,낡은 전갈함에서 주인을 찾지 못한 서찰을 발견한다.,
stage.story.easy.010,title,마을 입구의 전갈함,
stage.story.easy.010.choice.coin,label,전갈함 밑을 확인한다,
stage.story.easy.010.choice.deliver,label,서찰의 주인을 찾아준다,
stage.story.easy.010.choice.dry,label,젖은 서찰을 말린다,
stage.story.easy.010.coin,body,전갈함 밑에서 파발꾼의 사례금으로 보이는 엽전 꾸러미를 발견했다. 주인을 찾을 수 없어 길의 보상으로 챙겼다.,
stage.story.easy.010.deliver,body,서찰에 적힌 이름을 따라가 늙은 장정에게 전했다. 그는 오래 기다렸다는 듯 고개를 숙이고 작게 사례했다.,
stage.story.easy.010.dry,body,"젖은 서찰을 조심스레 말려 글자를 살렸다. 급한 소식은 아니었지만, 누군가에게는 필요한 안부였다.",
stage.story.easy.010.end,body,전갈함은 다시 단단히 닫혔다. 다음 길손이 길을 잃지 않도록 장승 옆에 바로 세워 두었다.,
stage.story.easy.010.start,body,"마을 입구 장승 아래 낡은 전갈함이 기울어져 있었다. 파발꾼이 한동안 오지 못한 듯, 젖은 서찰 몇 장이 틈새에 끼어 있었다. 봉인이 흐려진 한 장은 아직 읽을 수 있었다.",
stage.story.easy.011,body,해가 뜨기 전의 작은 시장에 등불 몇 개가 흔들리고 있었다.,
stage.story.easy.011,title,새벽 시장의 등불,
stage.story.easy.011.carry,body,빈 상자를 차곡차곡 옮겨 좌판 옆에 쌓아주었다.\n장수는 환하게 웃으며 근처 길목의 지름길을 알려주었다.,
stage.story.easy.011.choice.carry,label,상자를 옮긴다,
stage.story.easy.011.choice.crate,label,상자 틈을 살핀다,
stage.story.easy.011.choice.warm,label,등불 곁에서 쉰다,
stage.story.easy.011.crate,body,삐걱거리는 상자 틈에서 작은 동전 주머니를 발견했다.\n장수는 오래전에 잊은 물건이라며 가져도 좋다고 했다.,
stage.story.easy.011.end,body,시장에 첫 손님이 들어설 무렵 다시 길을 나선다.,
stage.story.easy.011.warm,body,등불 곁에서 따뜻한 차를 한 잔 얻어 마셨다.\n새벽 찬기가 누그러지며 몸이 한결 가벼워졌다.,
stage.story.easy.012,body,얕은 개울 위로 놓인 나무다리가 비스듬히 기울어져 있었다.,
stage.story.easy.012,title,개울가의 작은 다리,
stage.story.easy.012.branch,body,걸린 나뭇가지를 걷어내자 물밑에서 반짝이는 동전이 드러났다.\n작은 행운이 주머니 안으로 들어왔다.,
stage.story.easy.012.choice.branch,label,나뭇가지를 걷어낸다,
stage.story.easy.012.choice.fix,label,다리를 고친다,
stage.story.easy.012.choice.water,label,개울물로 씻는다,
stage.story.easy.012.end,body,다리가 다시 조용해지고 개울물만 맑게 흘러간다.,
stage.story.easy.012.fix,body,다리 아래에 돌을 괴고 흔들리는 판자를 눌러 고정했다.\n아이는 고맙다며 건너편 언덕의 길을 알려주었다.,
stage.story.easy.012.water,body,맑은 개울물에 손과 얼굴을 씻었다.\n차가운 물이 먼지와 피로를 함께 씻어내는 듯하다.,
stage.story.easy.013,body,골목 모퉁이의 작은 꽃집 앞에 화분들이 줄지어 놓여 있었다.,
stage.story.easy.013,title,꽃집 앞의 화분,
stage.story.easy.013.choice.pot,label,깨진 화분을 치운다,
stage.story.easy.013.choice.smell,label,꽃향기를 맡는다,
stage.story.easy.013.choice.water,label,화분에 물을 준다,
stage.story.easy.013.end,body,꽃잎 위에 물방울이 맺히고 골목은 한층 밝아졌다.,
stage.story.easy.013.pot,body,깨진 화분 조각을 모으다가 흙 속에 묻힌 작은 은화를 발견했다.\n주인은 오래된 장식이라며 선물로 건넸다.,
stage.story.easy.013.smell,body,향이 은은한 꽃 앞에 잠시 멈춰 섰다.\n맑은 향기가 머릿속까지 스며들며 긴장이 풀렸다.,
stage.story.easy.013.water,body,마른 화분에 물을 주고 흩어진 흙을 쓸어 담았다.\n꽃집 주인은 계절마다 피는 꽃 이름을 즐겁게 들려주었다.,
stage.story.easy.014,body,낮은 언덕 위의 풍차가 느리게 돌아가고 있었다.,
stage.story.easy.014,title,언덕 위 풍차,
stage.story.easy.014.choice.gear,label,기어 주변을 본다,
stage.story.easy.014.choice.rest,label,그늘에서 쉰다,
stage.story.easy.014.choice.sack,label,자루를 옮긴다,
stage.story.easy.014.end,body,풍차 날개가 다시 부드럽게 돌기 시작한다.,
stage.story.easy.014.gear,body,기어 옆에 떨어진 작은 금속 장식을 주웠다.\n풍차지기는 쓸모없는 부품이라며 사례로 동전을 얹어주었다.,
stage.story.easy.014.rest,body,풍차 그늘에 앉아 천천히 숨을 골랐다.\n날개가 도는 규칙적인 소리가 마음을 안정시켰다.,
stage.story.easy.014.sack,body,밀가루 자루를 창고 안쪽까지 옮겨주었다.\n풍차지기는 언덕 너머 마을 이야기를 들려주며 고마워했다.,
stage.story.easy.015,body,작은 여관 지붕 위에서 빈 바구니가 덜컹거렸다.,
stage.story.easy.015,title,고양이 없는 지붕,
stage.story.easy.015.choice.gutter,label,처마 홈을 살핀다,
stage.story.easy.015.choice.room,label,빈방에서 쉰다,
stage.story.easy.015.choice.towel,label,수건을 모아준다,
stage.story.easy.015.end,body,바구니가 다시 제자리에 놓이고 여관 앞길이 조용해진다.,
stage.story.easy.015.gutter,body,처마 홈을 살피다 오래된 동전 몇 닢을 발견했다.\n주인은 청소해준 값이라며 웃으며 넘겨주었다.,
stage.story.easy.015.room,body,여관 안쪽 빈방에서 잠시 쉬어가도 좋다는 허락을 받았다.\n짧은 휴식이지만 몸에 온기가 돌아왔다.,
stage.story.easy.015.towel,body,지붕 위에 걸린 수건들을 모아 내려주었다.\n여관 주인은 여행객이 자주 묻는 안전한 길을 알려주었다.,
stage.story.easy.016,body,작은 마을의 마른 우물 옆에 낡은 두레박이 놓여 있었다.,
stage.story.easy.016,title,마른 우물의 두레박,
stage.story.easy.016.bucket,body,두레박 줄을 다시 묶고 천천히 물을 길어 올렸다.\n아이들은 고마워하며 마을 뒤편의 안전한 길을 알려주었다.,
stage.story.easy.016.choice.bucket,label,두레박을 고친다,
stage.story.easy.016.choice.shade,label,그늘에서 쉰다,
stage.story.easy.016.choice.stone,label,우물 턱을 살핀다,
stage.story.easy.016.end,body,두레박이 다시 우물 안으로 내려가고 마을길에는 물소리가 돌아왔다.,
stage.story.easy.016.shade,body,우물가 그늘에 앉아 잠시 숨을 골랐다.\n서늘한 돌벽에서 올라오는 냉기가 피로를 덜어주었다.,
stage.story.easy.016.stone,body,우물 턱의 흔들리는 돌을 바로잡다가 아래에 숨은 동전을 발견했다.\n작은 보답처럼 주머니가 조금 묵직해졌다.,
stage.story.easy.017,body,길가에 버려진 바구니와 작은 발자국을 발견한다.,
stage.story.easy.017,title,길가의 빈 바구니,
stage.story.easy.017.choice.coins,label,바구니 밑을 본다,
stage.story.easy.017.choice.rest,label,그늘에서 쉰다,
stage.story.easy.017.choice.return,label,발자국을 따라간다,
stage.story.easy.017.coins,body,바구니 아래에 묶여 있던 작은 엽전 주머니를 발견했다. 주인을 찾을 흔적이 없어 길을 관리하던 이의 보상으로 챙겼다.,
stage.story.easy.017.end,body,"빈 바구니는 제 주인을 찾아가고, 길에는 다시 고요한 풀내음만 남았다.",
stage.story.easy.017.rest,body,오래된 느티나무 그늘에서 잠시 쉬었다. 습한 흙냄새가 지친 몸을 가볍게 만들었다.,
stage.story.easy.017.return,body,발자국을 따라가다 바구니를 잃어버린 아이를 찾았다. 바구니를 돌려주자 아이는 고맙다며 샛길을 알려 주었다.,
stage.story.easy.017.start,body,"비탈진 길목에 빈 바구니가 엎어져 있었다. 바구니 옆에는 작은 발자국과 흩어진 도토리 껍질이 이어졌다. 주인을 찾아도 좋고, 잠시 쉬어 가도 좋은 조용한 길이었다.",
stage.story.easy.018,body,낡은 서찰통을 단 전서구가 길가에서 쉬고 있다.,
stage.story.easy.018,title,졸고 있는 전서구,
stage.story.easy.018.choice.send,label,서찰을 목적지로 보낸다,
stage.story.easy.018.choice.treat,label,날개를 살핀다,
stage.story.easy.018.choice.tube,label,서찰통을 확인한다,
stage.story.easy.018.end,body,전서구는 해가 기울기 전 다시 하늘로 올랐다. 흰 깃털 하나만 담장 위에 남았다.,
stage.story.easy.018.send,body,전서구에게 물을 먹이고 높은 곳에서 날려 보냈다. 새는 잠시 맴돌다 방향을 잡고 힘차게 날아갔다.,
stage.story.easy.018.start,body,"낮은 담장 위에 전서구 한 마리가 졸고 있었다. 다리에는 작은 서찰통이 묶여 있었고, 날개에는 먼지가 잔뜩 묻어 있었다. 너무 오래 날아온 탓인지 사람을 보고도 도망치지 않았다.",
stage.story.easy.018.treat,body,날개에 박힌 가시를 빼내고 천으로 감싸 주었다. 전서구는 손등을 가볍게 쪼아 인사하듯 고개를 숙였다.,
stage.story.easy.018.tube,body,"서찰통 안에는 배달을 부탁한 작은 사례금이 들어 있었다. 서찰은 이미 비에 젖어 읽을 수 없었지만, 값은 길 위의 수고로 남았다.",
stage.story.easy.019,body,작은 보리밭 한가운데 허수아비가 바람에 넘어져 있다.,
stage.story.easy.019,title,바람에 넘어진 허수아비,
stage.story.easy.019.choice.hat,label,모자 안을 확인한다,
stage.story.easy.019.choice.hay,label,짚더미에서 쉰다,
stage.story.easy.019.choice.repair,label,허수아비를 세운다,
stage.story.easy.019.end,body,허수아비가 다시 들판을 지키자 새들은 일제히 먼 울타리로 날아갔다.,
stage.story.easy.019.hat,body,넘어진 허수아비의 모자 속에서 밭주인이 숨겨 둔 비상 동전을 찾았다. 곁의 쪽지에는 도운 이가 가져가도 좋다고 적혀 있었다.,
stage.story.easy.019.hay,body,마른 짚을 모아 푹신한 자리를 만들고 잠시 누웠다. 들판의 따뜻한 바람이 피로를 씻어 주었다.,
stage.story.easy.019.repair,body,새 막대를 덧대 허수아비를 세웠다. 밭주인은 손놀림을 칭찬하며 도구를 다루는 요령을 알려주었다.,
stage.story.easy.019.start,body,작은 보리밭 한가운데 허수아비가 바람에 넘어져 있다. 새들은 아직 멀찍이 앉아 있지만 곧 밭으로 몰려들 기세다. 주변에는 부러진 막대와 마른 짚이 넉넉하다.,
stage.story.easy.020,body,맑은 개울 위에 놓인 나무 징검다리 하나가 물살에 비뚤어져 있다.,
stage.story.easy.020,title,개울의 나무 징검다리,
stage.story.easy.020.bridge,body,돌과 밧줄로 나무를 단단히 고정했다. 안전한 건넘길을 만든 경험이 앞으로의 여정에도 도움이 될 듯하다.,
stage.story.easy.020.choice.bridge,label,징검다리를 고친다,
stage.story.easy.020.choice.pouch,label,반짝이는 것을 건진다,
stage.story.easy.020.choice.wash,label,개울물에 쉰다,
stage.story.easy.020.end,body,"고쳐진 나무 위로 물방울이 반짝이고, 개울 건너 길이 한층 가까워졌다.",
stage.story.easy.020.pouch,body,물속에서 반짝이는 작은 주머니를 건졌다. 떠내려온 주머니 안에는 녹슬지 않은 동전이 들어 있었다.,
stage.story.easy.020.start,body,맑은 개울 위에 놓인 나무 징검다리 하나가 물살에 비뚤어져 있다. 폭은 좁지만 마을 사람들이 자주 쓰는 길인 듯 발자국이 선명하다. 근처의 둥근 돌과 밧줄이면 쉽게 바로잡을 수 있다.,
stage.story.easy.020.wash,body,개울가에 발을 담그고 차가운 물로 상처를 씻었다. 맑은 물이 열기를 가라앉혀 주었다.,
stage.story.easy.021,body,마을 어귀의 작은 종탑 아래에서 흰 염소 한 마리가 목줄을 끌며 서성인다.,
stage.story.easy.021,title,저녁 종을 기다리는 염소,
stage.story.easy.021.choice.herd,label,우리로 데려간다,
stage.story.easy.021.choice.ribbon,label,목줄을 살핀다,
stage.story.easy.021.choice.shade,label,종탑 아래서 쉰다,
stage.story.easy.021.end,body,저녁 종이 울리자 염소는 익숙한 길을 따라 목동 곁으로 돌아갔다.,
stage.story.easy.021.herd,body,이름표를 따라 염소를 우리까지 데려다주었다. 목동은 안전한 산길과 야생 짐승의 흔적을 구별하는 법을 가르쳐 주었다.,
stage.story.easy.021.ribbon,body,목줄에 엉킨 작은 장식 주머니를 풀었다. 목동이 사례로 남겨 둔 동전 몇 닢이 들어 있었다.,
stage.story.easy.021.shade,body,염소와 함께 종탑 그늘에 앉아 잠시 기다렸다. 느긋한 울음소리를 듣는 사이 숨이 고르게 돌아왔다.,
stage.story.easy.021.start,body,"마을 어귀의 작은 종탑 아래에서 흰 염소 한 마리가 목줄을 끌며 서성인다. 목줄 끝에는 목동의 이름표가 달려 있고, 멀리 우리 쪽에서 저녁 종소리가 들려온다.",
stage.story.hard.001,body,산등성이의 버려진 초소가 검은 안개에 잠겨 있었다.,
stage.story.hard.001,title,검은 안개의 초소,
stage.story.hard.001.camp,body,젖은 장작에 어렵게 불을 붙였다.\n안개가 잠시 물러난 사이 몸을 녹이며 상처를 돌볼 수 있었다.,
stage.story.hard.001.choice.camp,label,불을 피워 버틴다,
stage.story.hard.001.choice.enter,label,초소 안으로 들어간다,
stage.story.hard.001.choice.locker,label,보급함을 연다,
stage.story.hard.001.end,body,경보 종이 멎자 안개 속 길이 희미하게 드러났다.,
stage.story.hard.001.enter,body,숨을 낮추고 초소 안을 조사했다.\n낡은 순찰 기록에서 위험한 길목을 피하는 단서를 얻었다.,
stage.story.hard.001.locker,body,녹슨 보급함의 자물쇠를 힘겹게 열었다.\n안쪽에는 오래된 군자금이 조금 남아 있었다.,
stage.story.hard.002,body,깎아지른 절벽 위에서 붉은 천 조각이 흔들리고 있었다.,
stage.story.hard.002,title,절벽 위 구조 신호,
stage.story.hard.002.choice.climb,label,절벽을 내려간다,
stage.story.hard.002.choice.pack,label,찢어진 배낭을 회수한다,
stage.story.hard.002.choice.rope,label,밧줄을 고정한다,
stage.story.hard.002.climb,body,바위 틈을 붙잡고 천천히 내려갔다.\n아래에 갇힌 여행자를 발견해 안전한 길로 이끌었다.,
stage.story.hard.002.end,body,절벽을 벗어난 뒤에도 손끝에는 차가운 돌 감각이 남았다.,
stage.story.hard.002.pack,body,절벽 턱에 걸린 배낭을 끌어올렸다.\n안에는 주인을 찾기 어려운 값나가는 물건이 들어 있었다.,
stage.story.hard.002.rope,body,주변 나무에 밧줄을 묶고 몸을 안정시켰다.\n긴장이 풀리자 그제야 호흡을 가다듬을 수 있었다.,
stage.story.hard.003,body,붉은 달빛 아래 낡은 공동묘지가 모습을 드러냈다.,
stage.story.hard.003,title,붉은 달의 묘지기,
stage.story.hard.003.choice.crypt,label,열린 납골당을 살핀다,
stage.story.hard.003.choice.guard,label,묘지기를 돕는다,
stage.story.hard.003.choice.lantern,label,등불 곁에 선다,
stage.story.hard.003.crypt,body,반쯤 열린 납골당 안에서 작은 금속 상자를 발견했다.\n상자는 오래전 봉인된 공물처럼 보였다.,
stage.story.hard.003.end,body,묘지기를 뒤로하자 붉은 달이 구름 뒤로 숨어들었다.,
stage.story.hard.003.guard,body,묘비를 바로 세우고 흐트러진 흙을 덮었다.\n묘지기는 죽은 자를 모시는 법과 금기를 조용히 알려주었다.,
stage.story.hard.003.lantern,body,묘지기의 등불 옆에서 숨을 골랐다.\n붉은 달빛이 닿지 않는 곳에서 몸의 떨림이 조금 가라앉았다.,
stage.story.hard.004,body,폐광 입구에서 돌가루가 계속 떨어지고 있었다.,
stage.story.hard.004,title,무너지는 광산길,
stage.story.hard.004.brace,body,부러진 지지대를 다시 세우고 안전한 공간을 만들었다.\n먼지를 피해 잠시 쉬며 몸을 추스를 수 있었다.,
stage.story.hard.004.choice.brace,label,기둥을 세워 길을 확보한다,
stage.story.hard.004.choice.ore,label,광석 더미를 조사한다,
stage.story.hard.004.choice.rescue,label,소리가 나는 곳으로 간다,
stage.story.hard.004.end,body,폐광 밖으로 나오자 입구 뒤편에서 돌이 무너지는 소리가 울렸다.,
stage.story.hard.004.ore,body,버려진 광석 더미 깊숙한 곳에서 정제된 은괴를 발견했다.\n위험을 감수한 만큼 묵직한 보상이었다.,
stage.story.hard.004.rescue,body,무너진 갱도 사이를 기어가 갇힌 광부를 찾아냈다.\n광부는 탈출하며 갱도 지도를 머릿속에 새겨주었다.,
stage.story.hard.005,body,무너져 가는 봉수대에서 불씨와 사람들을 지켜낸다.,
stage.story.hard.005,title,폭풍 속 봉수대,
stage.story.hard.005.choice.keeper,label,봉수꾼을 구한다,
stage.story.hard.005.choice.signal,label,봉수 불씨를 살린다,
stage.story.hard.005.choice.store,label,비상 물자를 챙긴다,
stage.story.hard.005.end,body,봉수대의 불은 간신히 살아남았다. 폭풍 너머로 흐릿한 응답 신호가 이어졌다.,
stage.story.hard.005.keeper,body,무너진 돌을 치우고 봉수꾼을 끌어냈다. 그는 숨을 고르며 절벽 아래 안전한 길을 알려 주었다.,
stage.story.hard.005.signal,body,젖은 장작을 걷어 내고 마른 쑥단을 찾아 불씨를 살렸다. 연기가 하늘로 올라가자 포구 쪽에서 응답 불빛이 깜박였다.,
stage.story.hard.005.start,body,"바닷길이 보이는 절벽 위 봉수대가 폭풍에 흔들리고 있었다. 화로의 불씨는 꺼지기 직전이고, 봉수꾼은 돌벽 틈에 끼어 움직이지 못했다. 아래쪽 포구에는 아직 이 신호를 기다리는 배들이 있었다.",
stage.story.hard.005.store,body,비상 궤짝에서 방수 천과 엽전 꾸러미를 발견했다. 봉수대가 무너지기 전에 필요한 것만 챙겨 빠져나왔다.,
stage.story.hard.006,body,짙은 늪지에 보랏빛 독초가 빽빽하게 피어 있었다.,
stage.story.hard.006,title,독초가 핀 늪지,
stage.story.hard.006.cargo,body,늪가에 버려진 방수 가방을 열었다.\n안에는 젖지 않은 귀중품과 작은 금화가 들어 있었다.,
stage.story.hard.006.choice.cargo,label,버려진 짐을 확인한다,
stage.story.hard.006.choice.herb,label,해독 약초를 찾는다,
stage.story.hard.006.choice.track,label,발자국을 따라간다,
stage.story.hard.006.end,body,늪을 벗어난 뒤에도 독초 향이 옷자락에 희미하게 남았다.,
stage.story.hard.006.herb,body,독초 사이에서 해독에 쓰이는 잎을 골라냈다.\n쓴 즙을 삼키자 흐려지던 정신이 맑아졌다.,
stage.story.hard.006.track,body,독초 사이로 난 희미한 흔적을 추적했다.\n쓰러진 짐꾼을 찾아내고 늪을 빠져나오는 법을 익혔다.,
stage.story.hard.007,body,눈보라가 몰아치는 고갯길에서 얼어붙은 마차를 발견했다.,
stage.story.hard.007,title,얼어붙은 고갯길,
stage.story.hard.007.choice.fire,label,바람막이를 만들고 불을 피운다,
stage.story.hard.007.choice.free,label,마차를 꺼낸다,
stage.story.hard.007.choice.trunk,label,짐칸 상자를 연다,
stage.story.hard.007.end,body,고갯길 아래로 내려오자 눈보라 소리가 조금씩 멀어졌다.,
stage.story.hard.007.fire,body,눈벽을 쌓아 바람을 막고 작은 불씨를 살렸다.\n손끝 감각이 돌아오며 몸이 조금 회복되었다.,
stage.story.hard.007.free,body,얼음을 깨고 바퀴를 밀어 마차를 움직였다.\n살아 있던 승객은 눈길을 건너는 요령을 알려주었다.,
stage.story.hard.007.trunk,body,짐칸 깊숙한 곳에서 얼어붙은 상자를 꺼냈다.\n상자 안에는 추위에도 손상되지 않은 보석 조각이 있었다.,
stage.story.hard.008,body,해 질 무렵 숲길에서 가면을 쓴 행렬과 마주쳤다.,
stage.story.hard.008,title,가면 쓴 행렬,
stage.story.hard.008.altar,body,행렬이 사라진 뒤 제단 위를 살폈다.\n촛농 아래 숨겨진 작은 금패를 발견했다.,
stage.story.hard.008.choice.altar,label,의식 제단을 조사한다,
stage.story.hard.008.choice.follow,label,행렬을 따라간다,
stage.story.hard.008.choice.observe,label,멀리서 지켜본다,
stage.story.hard.008.end,body,가면의 시선이 사라진 뒤에야 숲길은 평범한 어둠을 되찾았다.,
stage.story.hard.008.follow,body,가면을 쓰고 행렬 뒤에 섰다.\n낯선 의식의 규칙을 지켜보며 숨겨진 길의 의미를 깨달았다.,
stage.story.hard.008.observe,body,나무 뒤에 몸을 숨기고 행렬이 지나가기를 기다렸다.\n긴장된 시간이 지나자 오히려 정신이 또렷해졌다.,
stage.story.hard.009,body,무너진 관도에서 길을 잃은 사람들을 돕는다.,
stage.story.hard.009,title,갈라진 옛 관도,
stage.story.hard.009.bridge,body,부러진 나무와 밧줄로 임시 다리를 놓았다. 사람들은 조심스레 건너며 관도의 반대편으로 이동했다.,
stage.story.hard.009.cart,body,부서진 수레에서 흩어진 짐을 거두었다. 주인을 찾을 수 없는 물건은 길의 통행세처럼 남았다.,
stage.story.hard.009.choice.bridge,label,임시 다리를 놓는다,
stage.story.hard.009.choice.cart,label,수레 짐을 수습한다,
stage.story.hard.009.choice.people,label,사람들을 대피시킨다,
stage.story.hard.009.end,body,갈라진 관도에는 흙먼지만 남았다. 그러나 사람들은 해가 지기 전 무사히 길을 벗어났다.,
stage.story.hard.009.people,body,장정들을 낮은 능선으로 이끌었다. 안전한 곳에 닿자 그들이 약초와 물을 나눠 주었다.,
stage.story.hard.009.start,body,"오래된 관도가 산사태로 갈라져 있었다. 한쪽에는 부서진 수레가 걸려 있었고, 다른 쪽에는 길을 잃은 장정들이 불안하게 서 있었다. 더 늦으면 길 전체가 흙더미에 묻힐 듯했다.",
stage.story.hard.010,body,"자정이 가까운 시각, 폐쇄된 검문소에 횃불 하나가 켜져 있었다.",
stage.story.hard.010,title,심야의 검문소,
stage.story.hard.010.choice.records,label,문서를 조사한다,
stage.story.hard.010.choice.safe,label,잠긴 금고를 연다,
stage.story.hard.010.choice.tower,label,감시탑에 오른다,
stage.story.hard.010.end,body,검문소를 떠날 때 횃불은 스스로 꺼진 듯 어둠 속으로 사라졌다.,
stage.story.hard.010.records,body,흩어진 통행 기록과 밀수 표식을 대조했다.\n검문소가 버려진 이유와 위험한 거래 경로를 파악했다.,
stage.story.hard.010.safe,body,감시실 벽 뒤에 숨겨진 금고를 찾아냈다.\n안에는 압수된 금화와 봉인된 증표가 들어 있었다.,
stage.story.hard.010.tower,body,삐걱이는 계단을 올라 주변을 살폈다.\n높은 곳의 차가운 밤공기가 정신을 맑게 해주었다.,
stage.story.hard.011,body,절벽 끝의 감시탑이 반쯤 무너진 채 서 있었다.,
stage.story.hard.011,title,무너진 감시탑,
stage.story.hard.011.chest,body,잔해 아래에 깔린 철제 함을 끌어냈다.\n녹슨 잠금쇠를 열자 오래된 경비대의 군자금이 모습을 드러냈다.,
stage.story.hard.011.choice.chest,label,철제 함을 꺼낸다,
stage.story.hard.011.choice.climb,label,꼭대기에 오른다,
stage.story.hard.011.choice.shelter,label,탑 아래서 쉰다,
stage.story.hard.011.climb,body,무너진 계단을 붙잡고 꼭대기까지 올라갔다.\n멀리 이어진 적막한 길과 위험한 지형을 한눈에 파악했다.,
stage.story.hard.011.end,body,감시탑의 신호 등불이 마지막으로 흔들리고 어둠 속으로 사라졌다.,
stage.story.hard.011.shelter,body,탑 아래 바람이 덜 드는 공간에 몸을 낮추고 쉬었다.\n거친 바람이 잦아들 때까지 상처를 단단히 묶을 수 있었다.,
stage.story.hard.012,body,늪 가장자리에서 오래된 성문이 반쯤 물에 잠겨 있었다.,
stage.story.hard.012,title,가라앉은 성문,
stage.story.hard.012.choice.mark,label,문장을 확인한다,
stage.story.hard.012.choice.stone,label,돌 위에서 쉰다,
stage.story.hard.012.choice.water,label,물속을 더듬는다,
stage.story.hard.012.end,body,성문 뒤로 늪안개가 밀려오고 발자국은 금세 지워졌다.,
stage.story.hard.012.mark,body,진흙을 걷어내고 성문의 문장을 확인했다.\n문장 아래 새겨진 옛 통행 규칙에서 안전한 우회로를 알아냈다.,
stage.story.hard.012.stone,body,단단한 돌 위에 앉아 젖은 장비를 말렸다.\n늪의 찬 기운은 거셌지만 잠시 숨을 고르기에는 충분했다.,
stage.story.hard.012.water,body,긴 나뭇가지로 물속을 더듬어 묵직한 금속 상자를 끌어냈다.\n상자 안에는 물기에도 변색되지 않은 금화가 남아 있었다.,
stage.story.hard.013,body,산중턱의 폐광 입구가 두꺼운 얼음으로 막혀 있었다.,
stage.story.hard.013,title,얼어붙은 광산 입구,
stage.story.hard.013.cart,body,눈에 묻힌 광산 수레를 밀어내자 바닥에 금속 상자가 드러났다.\n상자 속에는 오래전 채굴된 광석과 금화가 함께 들어 있었다.,
stage.story.hard.013.choice.cart,label,수레를 밀어낸다,
stage.story.hard.013.choice.fire,label,불을 피워 쉰다,
stage.story.hard.013.choice.sign,label,광부 표식을 읽는다,
stage.story.hard.013.end,body,폐광 안쪽에서 울리던 소리가 멎고 눈발이 다시 거세졌다.,
stage.story.hard.013.fire,body,입구 바깥에 작은 불을 피우고 얼어붙은 손을 녹였다.\n잠시나마 몸에 온기가 돌아오며 통증이 가라앉았다.,
stage.story.hard.013.sign,body,얼음에 묻힌 표식을 하나씩 확인했다.\n광부들이 남긴 경고를 통해 무너진 갱도를 피하는 감각을 익혔다.,
stage.story.hard.014,body,붉은 협곡의 좁은 길 끝에 꺼진 봉화대가 있었다.,
stage.story.hard.014,title,붉은 협곡의 봉화,
stage.story.hard.014.ash,body,식은 재를 헤치자 불에 그을린 작은 철함이 나왔다.\n안에는 협곡 수비대가 남긴 보급금이 들어 있었다.,
stage.story.hard.014.beacon,body,마른 장작을 모아 봉화대에 다시 불씨를 살렸다.\n연기가 오르자 협곡을 지나는 바람의 흐름과 길목이 눈에 들어왔다.,
stage.story.hard.014.choice.ash,label,식은 재를 살핀다,
stage.story.hard.014.choice.beacon,label,봉화를 되살린다,
stage.story.hard.014.choice.wall,label,절벽 그늘에서 쉰다,
stage.story.hard.014.end,body,봉화 연기가 하늘로 흩어지고 협곡 길은 다시 붉게 잠겼다.,
stage.story.hard.014.wall,body,절벽 그늘에 몸을 붙이고 모래바람이 지나가길 기다렸다.\n거친 먼지가 잦아들자 숨을 고르고 상처를 살필 수 있었다.,
stage.story.hard.015,body,폐허가 된 관청 지하에 문서고 문이 굳게 잠겨 있었다.,
stage.story.hard.015,title,잠긴 문서고,
stage.story.hard.015.choice.desk,label,책상 옆에서 쉰다,
stage.story.hard.015.choice.record,label,기록을 조사한다,
stage.story.hard.015.choice.safe,label,숨은 금고를 연다,
stage.story.hard.015.desk,body,지하 책상 옆의 마른 의자에 앉아 숨을 골랐다.\n먼지가 많았지만 벽이 바람을 막아주어 잠시 몸을 회복할 수 있었다.,
stage.story.hard.015.end,body,문서고 문이 다시 닫히고 지하의 먼지가 천천히 가라앉았다.,
stage.story.hard.015.record,body,부서진 열쇠 조각을 맞춰 잠금 구조를 파악하고 문을 열었다.\n낡은 기록에서 사라진 관리들의 이동 경로와 숨은 통로를 알아냈다.,
stage.story.hard.015.safe,body,기록장 아래 숨겨진 작은 금고를 발견했다.\n녹슨 장치를 조심스레 풀자 봉인된 금화 묶음이 모습을 드러냈다.,
stage.story.hard.016,body,폭풍이 오기 전 봉수대의 경계와 물자를 정비한다.,
stage.story.hard.016,title,폭풍 전야의 봉수대,
stage.story.hard.016.chest,body,비상 궤짝에는 오래 보관한 엽전과 방수 천이 있었다. 필요한 만큼 챙겨 봉수대의 문을 단단히 닫았다.,
stage.story.hard.016.choice.chest,label,비상 궤짝을 확인한다,
stage.story.hard.016.choice.evacuate,label,사람들을 아래로 보낸다,
stage.story.hard.016.choice.fire,label,화로를 보강한다,
stage.story.hard.016.end,body,첫 번개가 절벽 뒤를 밝혔다. 봉수대의 불씨는 흔들렸지만 꺼지지 않았다.,
stage.story.hard.016.evacuate,body,다친 봉수꾼과 잡역꾼들을 먼저 아래 길로 내려보냈다. 남은 이들이 마음 놓고 신호를 준비했다.,
stage.story.hard.016.fire,body,돌로 화로를 막고 마른 쑥단을 안쪽에 넣었다. 폭풍이 와도 한동안 신호를 지킬 수 있게 되었다.,
stage.story.hard.016.start,body,"먹구름이 바닷길 위로 낮게 내려앉았다. 절벽의 봉수대에서는 불씨가 약해지고, 봉수꾼들은 다음 신호를 보낼 준비를 서두르고 있었다. 바람이 더 거세지면 이곳은 고립될 터였다.",
stage.story.hard.017,body,낡은 관상대에서 별자리 기록과 갇힌 사람을 구한다.,
stage.story.hard.017,title,붕괴 직전의 관상대,
stage.story.hard.017.choice.instrument,label,혼천의를 고정한다,
stage.story.hard.017.choice.shelter,label,석실 문을 연다,
stage.story.hard.017.choice.vault,label,관측 궤짝을 챙긴다,
stage.story.hard.017.end,body,관상대의 일부가 뒤늦게 무너졌다. 별을 보던 높은 방은 먼지 속에 가라앉았다.,
stage.story.hard.017.instrument,body,무너지는 받침대를 밧줄로 묶어 혼천의를 고정했다. 별자리판의 위치가 맞춰지자 오래된 기록의 의미가 드러났다.,
stage.story.hard.017.shelter,body,돌문을 밀어 갇혀 있던 관측자를 구했다. 그는 다친 팔을 감싸며 관상대 아래의 안전한 통로를 알려 주었다.,
stage.story.hard.017.start,body,"산등성이의 낡은 관상대가 균열 속에서 삐걱거렸다. 혼천의는 한쪽으로 기울었고, 별자리판은 바닥에 흩어져 있었다. 안쪽 석실에서는 누군가 문을 두드리는 소리가 들렸다.",
stage.story.hard.017.vault,body,관측 궤짝에서 낡은 은전과 방수 종이를 꺼냈다. 천장이 내려앉기 전 필요한 것만 챙겨 빠져나왔다.,
stage.story.hard.018,body,폭풍이 몰아치는 암초 사이에 반쯤 부서진 상선이 걸려 있다.,
stage.story.hard.018,title,검은 파도 위의 난파선,
stage.story.hard.018.cabin,body,배 안쪽의 밀폐 선실로 들어가 응급 약품으로 상처를 묶었다. 파도가 잦아드는 짧은 틈에 숨을 돌렸다.,
stage.story.hard.018.cargo,body,침수되는 화물칸에서 쇠상자를 끌어냈다. 정당한 구조 보상이라 적힌 금화 일부를 챙기고 나머지는 선원에게 돌렸다.,
stage.story.hard.018.choice.cabin,label,밀폐 선실에서 치료한다,
stage.story.hard.018.choice.cargo,label,화물 상자를 끌어낸다,
stage.story.hard.018.choice.rescue,label,선원들을 구조한다,
stage.story.hard.018.end,body,마지막 선원이 암초를 벗어나자 난파선은 검은 파도 아래로 천천히 가라앉았다.,
stage.story.hard.018.rescue,body,부서진 돛대를 지렛대로 삼아 갇힌 선원들을 구조했다. 거센 파도를 헤친 경험과 선원들의 항해 지식이 큰 자산이 되었다.,
stage.story.hard.018.start,body,"폭풍이 몰아치는 암초 사이에 반쯤 부서진 상선이 걸려 있다. 갑판 아래에서는 구조 신호가 들리고, 선장실의 항해도와 화물칸의 쇠상자가 물에 잠기기 시작한다.",
stage.story.hard.019,body,폐쇄된 지하 제련소에서 용암 수로의 차단벽이 붉게 달아오르고 있다.,
stage.story.hard.019,title,용암 수로의 제련소,
stage.story.hard.019.choice.coolant,label,냉각 장치를 복구한다,
stage.story.hard.019.choice.foreman,label,감독관 금고를 회수한다,
stage.story.hard.019.choice.refuge,label,방열문 뒤로 피한다,
stage.story.hard.019.coolant,body,열기를 견디며 냉각 밸브를 순서대로 열었다. 금속과 압력의 변화를 읽어 차단벽을 안정시키고 귀중한 기술을 익혔다.,
stage.story.hard.019.end,body,"냉각수가 수로를 감싸며 증기가 솟았고, 제련소의 붉은 빛이 가까스로 잦아들었다.",
stage.story.hard.019.foreman,body,감독관 금고를 수로 밖으로 밀어낸 뒤 봉인을 풀었다. 위험 수당으로 보관된 금화를 챙기자 천장이 흔들리기 시작했다.,
stage.story.hard.019.refuge,body,두꺼운 방열문 뒤 휴게실에서 냉각수를 사용해 화상을 치료했다. 뜨거운 숨이 가라앉고 다시 움직일 힘이 생겼다.,
stage.story.hard.019.start,body,폐쇄된 지하 제련소에서 용암 수로의 차단벽이 붉게 달아오르고 있다. 냉각 장치는 멈췄으며 작업자 휴게실과 감독관 금고로 향하는 길에도 불길이 번진다.,
stage.story.hard.020,body,왕릉 깊은 방에서 세 석상이 동시에 눈을 뜬다.,
stage.story.hard.020,title,저주받은 왕릉의 재판,
stage.story.hard.020.choice.fountain,label,치유의 샘으로 간다,
stage.story.hard.020.choice.trial,label,석상의 질문에 답한다,
stage.story.hard.020.choice.tribute,label,공물 제단을 해제한다,
stage.story.hard.020.end,body,판결의 종이 울리고 석상들이 다시 잠들자 왕릉의 출구가 조용히 열렸다.,
stage.story.hard.020.fountain,body,재판을 잠시 미루고 치유의 샘물을 상처에 발랐다. 차가운 빛이 저주의 흔적을 밀어내며 몸을 회복시켰다.,
stage.story.hard.020.start,body,"왕릉 깊은 방에서 세 석상이 동시에 눈을 뜬다. 벽에는 진실을 증명하라는 문장이 떠오르고, 치유의 샘과 공물 제단은 서로 반대편에서 희미하게 빛난다.",
stage.story.hard.020.trial,body,석상들이 던지는 모순된 질문의 답을 하나씩 밝혀냈다. 고대 왕국의 몰락과 맹세의 의미를 깨달으며 큰 경험을 얻었다.,
stage.story.hard.020.tribute,body,공물 제단의 함정을 해제하고 왕실 주화를 꺼냈다. 석상들이 정당한 승자의 몫이라 선언하자 봉인이 열렸다.,
stage.story.hard.021,body,얼어붙은 산길에서 고립된 마차 행렬을 구조한다.,
stage.story.hard.021,title,눈사태에 갇힌 마차 행렬,
stage.story.hard.021.choice.engine,label,앞마차를 안정시킨다,
stage.story.hard.021.choice.medical,label,약품 짐칸으로 간다,
stage.story.hard.021.choice.transport,label,귀중품 짐칸을 연다,
stage.story.hard.021.end,body,바퀴가 버티는 사이 사람들은 낮은 능선으로 대피했다. 멀리서 다시 눈이 쓸려 내려오는 소리가 들렸다.,
stage.story.hard.021.engine,body,앞마차의 고삐를 잡고 바퀴 밑에 돌을 괴었다. 말들이 진정되자 행렬 전체가 더는 아래로 밀리지 않았다.,
stage.story.hard.021.medical,body,약품 짐칸의 문을 열고 얼어붙지 않은 치료 물자를 찾아냈다. 다친 사람들의 상처를 묶자 행렬에 다시 숨이 돌았다.,
stage.story.hard.021.start,body,"눈사태가 지나간 산길에 마차 행렬이 비스듬히 멈춰 있었다. 앞마차의 말들은 겁에 질려 날뛰고, 약품 짐칸과 귀중품 짐칸은 얼음 틈새로 기울어졌다. 언제 다시 눈더미가 무너질지 알 수 없었다.",
stage.story.hard.021.transport,body,귀중품 짐칸의 얼음을 깨고 구조 보상함을 확보했다. 눈더미가 다시 움직이기 전에 필요한 것만 챙겨 안전한 곳으로 옮겼다.,
stage.story.normal.001,body,산길을 걷던 중 작은 쉼터를 발견했다.,
stage.story.normal.001,title,갈림길의 약초꾼,
stage.story.normal.001.choice.help,label,약초 채집을 도와준다,
stage.story.normal.001.choice.rest,label,약초차를 마시며 쉰다,
stage.story.normal.001.choice.search,label,주변을 둘러본다,
stage.story.normal.001.end,body,잠시 머물렀던 쉼터를 뒤로하고 다시 길을 나선다.,
stage.story.normal.001.help,body,"당신은 약초꾼의 일을 도와주었다.\n산비탈에서 약초를 채집하고 짐을 옮기는 동안 노인은 여러 이야기를 들려주었다.\n헤어질 무렵 그는 고개를 끄덕이며 말했다.\n\n""덕분에 오랜만에 사람다운 대화를 나누었구나.""",
stage.story.normal.001.rest,body,노인이 내어준 따뜻한 약초차를 마셨다.\n몸속 깊은 곳까지 온기가 퍼지며 피로가 사라지는 기분이 든다.,
stage.story.normal.001.search,body,천막 주변을 둘러보던 중 누군가 떨어뜨린 듯한 작은 주머니를 발견했다.\n약초꾼은 그 존재를 모르는 눈치였다.\n주머니 안에는 은전이 들어 있었다.,
stage.story.normal.002,body,숲길을 걷던 중 오래된 우물을 발견했다.,
stage.story.normal.002,title,마른 우물,
stage.story.normal.002.choice.climb_down,label,우물 아래로 내려간다,
stage.story.normal.002.choice.draw_water,label,물을 길어 마신다,
stage.story.normal.002.choice.leave,label,그냥 지나간다,
stage.story.normal.002.climb_down,body,밧줄을 붙잡고 우물 아래로 내려갔다.\n바닥에는 오래전에 떨어진 것으로 보이는 작은 상자가 묻혀 있었다.\n상자 안에는 은전이 가득 들어 있었다.,
stage.story.normal.002.draw_water,body,두레박을 내려 물을 길어 올렸다.\n맑고 차가운 물을 마시자 지친 몸에 생기가 돌아온다.,
stage.story.normal.002.end,body,우물을 뒤로하고 다시 여정을 이어간다.,
stage.story.normal.002.leave,body,수상한 장소에는 이유가 있는 법이다.\n당신은 우물을 뒤로한 채 길을 재촉했다.\n조심스러운 판단 덕분인지 여행의 요령을 하나 깨달은 기분이 든다.,
stage.story.normal.003,body,강가에 도착하자 작은 나룻배 한 척이 정박해 있었다.,
stage.story.normal.003,title,강가의 나룻배,
stage.story.normal.003.choice.explore,label,주변을 둘러본다,
stage.story.normal.003.choice.fish,label,강가에서 쉬며 낚시한다,
stage.story.normal.003.choice.row,label,나룻배 일을 돕는다,
stage.story.normal.003.end,body,잔잔한 강물을 뒤로하고 다시 길을 떠난다.,
stage.story.normal.003.explore,body,배 주변을 둘러보던 중 갈대숲에 걸린 낡은 주머니를 발견했다.\n안에는 물에 젖지 않은 은전들이 들어 있었다.,
stage.story.normal.003.fish,body,노인과 함께 강가에 앉아 잠시 낚시를 즐겼다.\n조용한 물소리를 듣고 있으니 긴장이 풀리고 몸이 한결 가벼워진다.,
stage.story.normal.003.row,body,당신은 노인을 대신해 나룻배를 저어 사람들을 강 건너로 옮겨 주었다.\n노인은 감사의 뜻으로 여행에 도움이 될 조언을 건넸다.,
stage.story.normal.004,body,"해가 저물 무렵, 길가에서 오래된 객잔을 발견했다.",
stage.story.normal.004,title,버려진 객잔,
stage.story.normal.004.choice.clean,label,객잔을 정리한다,
stage.story.normal.004.choice.rest,label,잠시 쉬어 간다,
stage.story.normal.004.choice.search,label,객잔을 수색한다,
stage.story.normal.004.clean,body,무너진 의자를 세우고 먼지를 쓸어냈다.\n한때 이곳을 오갔을 사람들의 흔적을 살피며 많은 것을 배울 수 있었다.,
stage.story.normal.004.end,body,객잔을 뒤로하고 다시 여정을 이어간다.,
stage.story.normal.004.rest,body,객잔 한쪽 방에서 잠시 눈을 붙였다.\n오랜만에 편안한 휴식을 취한 덕분에 몸의 피로가 상당히 회복되었다.,
stage.story.normal.004.search,body,주방 근처를 뒤지던 중 바닥 판자 아래 숨겨진 주머니를 발견했다.\n주머니 안에는 은전과 몇 개의 동전이 들어 있었다.,
stage.story.normal.005,body,산길 끝자락에서 작은 장터를 발견했다.,
stage.story.normal.005,title,떠돌이 장터,
stage.story.normal.005.choice.eat,label,음식을 사 먹는다,
stage.story.normal.005.choice.help,label,장터 정리를 돕는다,
stage.story.normal.005.choice.trade,label,장터를 둘러본다,
stage.story.normal.005.eat,body,상인이 권한 따뜻한 국밥 한 그릇을 먹었다.\n허기와 피로가 가시며 몸에 힘이 돌아오는 것을 느낀다.,
stage.story.normal.005.end,body,장터를 뒤로하고 다시 길을 떠난다.,
stage.story.normal.005.help,body,"장터를 정리하는 상인들을 도와주었다.\n그들은 여러 지방을 돌아다니며 들은 이야기를 들려주었고, 당신은 여행에 도움이 될 지식을 얻었다.",
stage.story.normal.005.trade,body,"장터 한쪽에서 버려진 상자를 발견했다.\n주인을 찾아보았지만 아무도 아는 사람이 없었고, 안에는 은전 몇 닢이 남아 있었다.",
stage.story.normal.006,body,소나기가 지나간 숲길 위에 젖은 가죽 주머니가 떨어져 있었다.,
stage.story.normal.006,title,비에 젖은 서신,
stage.story.normal.006.choice.deliver,label,주인을 찾아준다,
stage.story.normal.006.choice.keep,label,주머니를 챙긴다,
stage.story.normal.006.choice.read,label,서신 내용을 확인한다,
stage.story.normal.006.deliver,body,발자국을 따라가 서신의 주인을 찾아주었다.\n상인은 크게 안도하며 당신의 성실함에 감사를 표했다.,
stage.story.normal.006.end,body,비 냄새가 남은 길을 지나 다시 여정을 이어간다.,
stage.story.normal.006.keep,body,주머니 속 표식을 챙겼다.\n표식 아래쪽에는 비를 맞고도 녹슬지 않은 은화 몇 닢이 숨겨져 있었다.,
stage.story.normal.006.read,body,젖은 서신을 조심스럽게 펼쳐 내용을 살폈다.\n인근 길목의 위험한 구간과 우회로에 대한 기록이 적혀 있었다.,
stage.story.normal.007,body,계곡을 건너는 낡은 돌다리가 절반쯤 무너져 있었다.,
stage.story.normal.007,title,무너진 돌다리,
stage.story.normal.007.choice.cross,label,조심히 건넌다,
stage.story.normal.007.choice.detour,label,우회로를 찾는다,
stage.story.normal.007.choice.repair,label,다리를 보수한다,
stage.story.normal.007.cross,body,조심스럽게 남은 돌을 밟아 계곡을 건넜다.\n차가운 물보라를 맞았지만 긴장 덕분에 정신이 맑아졌다.,
stage.story.normal.007.detour,body,계곡 아래쪽의 우회로를 찾던 중 오래된 제단 틈에서 작은 동전 주머니를 발견했다.,
stage.story.normal.007.end,body,거친 물소리를 뒤로하고 다음 길로 향한다.,
stage.story.normal.007.repair,body,주변의 돌과 나무를 모아 다리를 임시로 보수했다.\n여행자는 무사히 계곡을 건넌 뒤 감사 인사를 전했다.,
stage.story.normal.008,body,"해가 완전히 저문 뒤, 길가에 홀로 켜진 등불 하나를 발견했다.",
stage.story.normal.008,title,밤의 등불,
stage.story.normal.008.choice.guide,label,아이를 데려다준다,
stage.story.normal.008.choice.inspect,label,등불을 살펴본다,
stage.story.normal.008.choice.wait,label,함께 기다린다,
stage.story.normal.008.end,body,등불의 온기가 멀어질 때까지 길은 은은하게 밝았다.,
stage.story.normal.008.guide,body,"아이를 데리고 종소리가 들리는 방향으로 걸었다.\n마을 입구에서 아이의 가족을 만났고, 그들은 깊이 고개 숙여 감사를 표했다.",
stage.story.normal.008.inspect,body,등불 받침대를 살펴보니 작은 보관함이 숨겨져 있었다.\n안에는 길 안내를 부탁한 사람이 남긴 사례금이 들어 있었다.,
stage.story.normal.008.wait,body,등불 곁에서 아이와 함께 기다렸다.\n따뜻한 불빛 아래 잠시 숨을 돌리자 지친 몸이 조금 회복되었다.,
stage.story.normal.009,body,낮은 언덕 위에 낡은 바람개비들이 줄지어 서 있었다.,
stage.story.normal.009,title,바람개비 언덕,
stage.story.normal.009.choice.fix,label,바람개비를 고친다,
stage.story.normal.009.choice.listen,label,바람 소리를 듣는다,
stage.story.normal.009.choice.search,label,언덕을 살펴본다,
stage.story.normal.009.end,body,언덕을 내려오자 등 뒤에서 바람개비 소리가 한동안 따라왔다.,
stage.story.normal.009.fix,body,바람개비의 축을 고정하고 엉킨 천을 풀어주었다.\n다시 바람을 받은 날개들이 차례로 돌기 시작하자 농부의 얼굴이 밝아졌다.,
stage.story.normal.009.listen,body,언덕 위에 앉아 바람개비가 내는 규칙적인 소리를 들었다.\n차분한 바람이 몸을 감싸며 긴장이 풀렸다.,
stage.story.normal.009.search,body,멈춘 바람개비 아래를 살펴보다가 오래된 공구함을 발견했다.\n공구함 안쪽에는 누군가 숨겨둔 은전이 남아 있었다.,
stage.story.normal.010,body,길가에 멈춘 수레 옆에서 수레꾼이 깊이 잠들어 있었다.,
stage.story.normal.010,title,잠든 수레꾼,
stage.story.normal.010.care,body,"말에게 물을 먹이고 수레바퀴를 점검했다.\n수레꾼이 깨어났을 때, 당신도 잠시 쉬며 숨을 고를 수 있었다.",
stage.story.normal.010.check,body,수레 아래에 굴러 들어간 작은 상자를 발견했다.\n상자에는 길에서 잃어버린 듯한 동전과 낡은 장부가 들어 있었다.,
stage.story.normal.010.choice.care,label,말과 수레를 돌본다,
stage.story.normal.010.choice.check,label,수레 주변을 확인한다,
stage.story.normal.010.choice.wake,label,수레꾼을 깨운다,
stage.story.normal.010.end,body,수레가 다시 움직이는 소리를 들으며 당신도 길을 재촉한다.,
stage.story.normal.010.wake,body,수레꾼을 깨워 길 한가운데 오래 머무르면 위험하다고 알려주었다.\n그는 깜짝 놀라 일어나더니 당신에게 고마움을 전했다.,
stage.story.normal.011,body,비탈길 한가운데에서 짐수레가 멈춰 서 있었다.,
stage.story.normal.011,title,비탈길의 수레바퀴,
stage.story.normal.011.box,body,흔들린 짐을 정리하다가 바닥에 굴러다니는 작은 주머니를 발견했다.\n상인은 사례로 주머니 속 동전 일부를 나누어주었다.,
stage.story.normal.011.choice.box,label,짐을 정리한다,
stage.story.normal.011.choice.push,label,수레를 밀어준다,
stage.story.normal.011.choice.tent,label,덮개 아래서 쉰다,
stage.story.normal.011.end,body,수레가 천천히 비탈을 내려가고 길이 다시 열렸다.,
stage.story.normal.011.push,body,바퀴 아래에 납작한 돌을 끼우고 힘껏 수레를 밀었다.\n수레가 빠져나오자 상인은 근처 험한 길을 피하는 방법을 알려주었다.,
stage.story.normal.011.tent,body,비가 그칠 때까지 수레 덮개 아래에서 쉬었다.\n상인이 건넨 따뜻한 빵 덕분에 허기가 가셨다.,
stage.story.normal.012,body,마을 외곽의 순찰 종이 밤바람에 희미하게 울렸다.,
stage.story.normal.012,title,밤길의 순찰 종,
stage.story.normal.012.choice.fire,label,화로 옆에서 쉰다,
stage.story.normal.012.choice.map,label,지도를 살핀다,
stage.story.normal.012.choice.report,label,발자국을 보고한다,
stage.story.normal.012.end,body,종소리가 멀어지고 밤길은 조금 더 선명해졌다.,
stage.story.normal.012.fire,body,초소 화로 옆에서 잠시 몸을 녹였다.\n타오르는 불빛을 보고 있자 긴 밤길의 피로가 풀렸다.,
stage.story.normal.012.map,body,벽에 걸린 낡은 지도 뒤에서 작은 비상금 봉투를 발견했다.\n파수꾼은 기록을 도와준 보답이라며 봉투를 건넸다.,
stage.story.normal.012.report,body,길에서 본 이상한 발자국을 파수꾼에게 알려주었다.\n그는 고개를 끄덕이며 경계해야 할 지형을 자세히 설명해주었다.,
stage.story.normal.013,body,강변 나루터에 빈 나룻배 한 척이 밧줄에 묶여 흔들리고 있었다.,
stage.story.normal.013,title,강변의 빈 나룻배,
stage.story.normal.013.choice.deck,label,갑판에서 쉰다,
stage.story.normal.013.choice.net,label,그물을 풀어낸다,
stage.story.normal.013.choice.rope,label,밧줄을 고친다,
stage.story.normal.013.deck,body,나룻배 갑판에 앉아 강바람을 맞았다.\n차분한 물결 소리가 마음을 가라앉혀 주었다.,
stage.story.normal.013.end,body,안개가 걷히며 강 건너 불빛이 희미하게 보인다.,
stage.story.normal.013.net,body,배 아래 얽힌 그물을 풀어내자 작은 상자가 따라 올라왔다.\n안에는 물에 젖지 않은 동전들이 들어 있었다.,
stage.story.normal.013.rope,body,젖은 밧줄을 단단히 다시 묶고 노끈까지 손봐주었다.\n사공은 강을 건너는 안전한 때를 알려주었다.,
stage.story.normal.014,body,숲길 옆에 이끼 낀 석비가 반쯤 쓰러져 있었다.,
stage.story.normal.014,title,숲속 석비의 글자,
stage.story.normal.014.choice.gap,label,아래 틈을 살핀다,
stage.story.normal.014.choice.moss,label,곁에서 쉰다,
stage.story.normal.014.choice.read,label,석비를 읽는다,
stage.story.normal.014.end,body,숲바람이 지나가며 석비의 글자가 잠시 더 선명해졌다.,
stage.story.normal.014.gap,body,석비 아래 틈에 손을 넣자 낡은 가죽 주머니가 잡혔다.\n주머니 속 은전들은 아직 쓸 수 있을 만큼 깨끗했다.,
stage.story.normal.014.moss,body,석비 곁의 마른 자리에 앉아 숨을 돌렸다.\n숲속의 차분한 공기가 상처의 열기를 가라앉혔다.,
stage.story.normal.014.read,body,이끼를 조심스레 걷어내고 남은 글자를 읽었다.\n오래된 길 안내 문구에서 잊힌 숲길의 방향을 알아냈다.,
stage.story.normal.015,body,비에 잠긴 광대패 천막에서 남은 물건들을 수습한다.,
stage.story.normal.015,title,빗속의 광대패 천막,
stage.story.normal.015.box,body,공연 상자 안에는 관객들이 던진 엽전이 조금 남아 있었다. 버려진 천막의 위험을 감수한 값으로 챙겼다.,
stage.story.normal.015.choice.box,label,공연 상자를 연다,
stage.story.normal.015.choice.props,label,탈과 북을 챙긴다,
stage.story.normal.015.choice.rescue,label,천막 안 사람을 찾는다,
stage.story.normal.015.end,body,"비는 여전히 내렸지만, 천막은 더는 누군가를 짓누르지 않았다.",
stage.story.normal.015.props,body,젖은 탈과 북을 마른 천으로 감싸 보존했다. 익살스러운 얼굴의 탈을 보니 무거운 마음이 조금 풀렸다.,
stage.story.normal.015.rescue,body,무너진 천막살 아래 갇힌 아이를 끌어냈다. 아이는 광대패가 남긴 샛길 표식을 알려 주었다.,
stage.story.normal.015.start,body,"장맛비가 멎지 않는 빈터에 광대패 천막이 반쯤 주저앉아 있었다. 기름등은 꺼져 있었고, 젖은 탈과 북이 바닥에 흩어져 있었다. 사람들은 떠난 뒤였지만 천막 안쪽에서 아직 인기척이 났다.",
stage.story.normal.016,body,버려진 서고 안쪽에서 먼지 낀 책장이 비스듬히 기울어져 있었다.,
stage.story.normal.016,title,무너진 서고의 사다리,
stage.story.normal.016.books,body,기울어진 책장을 받치고 흩어진 기록지를 순서대로 모았다.\n오래된 탐험 기록에서 위험한 지형을 읽는 요령을 배웠다.,
stage.story.normal.016.choice.books,label,기록지를 정리한다,
stage.story.normal.016.choice.drawer,label,책상 서랍을 연다,
stage.story.normal.016.choice.window,label,창가에서 쉰다,
stage.story.normal.016.drawer,body,책상 서랍을 조심스레 열자 봉인된 작은 주머니가 나왔다.\n안에는 서고 관리자가 남긴 은전이 가지런히 들어 있었다.,
stage.story.normal.016.end,body,서고의 먼지가 가라앉고 빛줄기 속에서 낡은 글자가 다시 선명해졌다.,
stage.story.normal.016.window,body,깨진 창문 아래의 맑은 바람이 드는 자리에 앉았다.\n먼지를 피해 잠시 쉬자 답답했던 숨이 편안해졌다.,
stage.story.normal.017,body,강가의 오래된 방앗간에서 수차가 둔한 소리를 내며 멈춰 서 있다.,
stage.story.normal.017,title,안개 낀 수차 방앗간,
stage.story.normal.017.choice.crate,label,포대 뒤를 조사한다,
stage.story.normal.017.choice.hearth,label,화덕 옆에서 쉰다,
stage.story.normal.017.choice.wheel,label,수차를 수리한다,
stage.story.normal.017.crate,body,밀가루 포대 뒤에서 주인 없는 거래 상자를 찾았다. 장부에 폐기 물품으로 적힌 동전을 필요한 만큼 챙겼다.,
stage.story.normal.017.end,body,수차가 안개를 가르며 돌기 시작하고 방앗간 안에 규칙적인 진동이 돌아왔다.,
stage.story.normal.017.hearth,body,방앗간 화덕 옆에서 젖은 장비를 말렸다. 따뜻한 공기가 스며들어 피로와 통증이 누그러졌다.,
stage.story.normal.017.start,body,"강가의 오래된 방앗간에서 수차가 둔한 소리를 내며 멈춰 서 있다. 안개 속 물길에는 나뭇가지가 걸렸고, 안쪽 화덕에는 아직 온기가 남아 있다. 기계를 살피면 방앗간의 숨은 사정을 알 수 있을 듯하다.",
stage.story.normal.017.wheel,body,물길을 막은 가지를 걷어 내고 수차의 축을 다시 맞췄다. 복잡한 톱니가 돌아가는 원리를 익히며 값진 경험을 얻었다.,
stage.story.normal.018,body,숲길 옆 야영지에는 불이 꺼진 화로와 봉인된 천막이 남아 있다.,
stage.story.normal.018,title,봉인된 순례자 야영지,
stage.story.normal.018.blanket,body,바람을 막아 주는 천막 한쪽에서 약초 향이 남은 담요를 찾았다. 잠시 몸을 감싸자 상처가 편안해졌다.,
stage.story.normal.018.cache,body,꺼진 화로 아래의 빈 공간에서 공동 자금 일부를 발견했다. 함께 남겨진 쪽지에는 뒤따르는 여행자가 사용하라고 적혀 있었다.,
stage.story.normal.018.choice.blanket,label,천막에서 쉰다,
stage.story.normal.018.choice.cache,label,화로 아래를 살핀다,
stage.story.normal.018.choice.runes,label,표식을 해독한다,
stage.story.normal.018.end,body,야영지를 떠나자 봉인 끈이 바람에 흔들리며 조용한 작별을 알렸다.,
stage.story.normal.018.runes,body,돌에 새겨진 순례 표식을 순서대로 읽었다. 근처의 위험 지역과 안전한 우회로를 파악해 여정에 도움이 될 지식을 얻었다.,
stage.story.normal.018.start,body,숲길 옆 야영지에는 불이 꺼진 화로와 봉인된 천막이 남아 있다. 순례자들은 급히 떠난 듯하지만 바닥의 표식은 질서정연하다. 표식을 해독하면 이들이 피한 위험을 알아낼 수 있다.,
stage.story.normal.019,body,절벽 중턱에서 약초 채집꾼이 끊어진 밧줄을 붙잡고 난처해하고 있다.,
stage.story.normal.019,title,절벽의 약초 채집꾼,
stage.story.normal.019.choice.rope,label,밧줄을 다시 묶는다,
stage.story.normal.019.choice.salve,label,휴식 굴로 간다,
stage.story.normal.019.choice.silver,label,바위틈을 조사한다,
stage.story.normal.019.end,body,채집꾼의 바구니에 푸른 잎이 담기고 절벽길에는 새 밧줄이 팽팽히 걸렸다.,
stage.story.normal.019.rope,body,밧줄을 다시 묶고 안전한 매듭으로 채집꾼의 길을 확보했다. 그는 절벽 식물과 독초를 구별하는 법을 상세히 알려주었다.,
stage.story.normal.019.salve,body,바람이 들지 않는 굴에서 채집꾼의 약초 연고를 발랐다. 서늘한 향이 퍼지며 상처의 통증이 가라앉았다.,
stage.story.normal.019.silver,body,바위틈의 푸른 잎 옆에서 광부가 흘린 은화 꾸러미를 찾았다. 채집꾼과 나누고도 넉넉한 몫이 남았다.,
stage.story.normal.019.start,body,"절벽 중턱에서 약초 채집꾼이 끊어진 밧줄을 붙잡고 난처해하고 있다. 귀한 푸른 잎은 손이 닿기 어려운 바위틈에 자라고, 아래에는 작은 휴식 굴이 보인다.",
stage.story.normal.020,body,폭우가 지나간 강변 세관 초소가 무릎 높이까지 물에 잠겨 있다.,
stage.story.normal.020,title,물에 잠긴 세관 초소,
stage.story.normal.020.choice.records,label,문서 상자를 건진다,
stage.story.normal.020.choice.roof,label,지붕에서 몸을 말린다,
stage.story.normal.020.choice.safe,label,보급실을 조사한다,
stage.story.normal.020.end,body,강물이 조금씩 빠지면서 초소의 표지판과 옛길이 다시 모습을 드러냈다.,
stage.story.normal.020.records,body,문서 상자를 건져 날짜와 표식을 맞춰 정리했다. 오래된 교역로와 검문 규칙을 읽으며 유용한 지식을 얻었다.,
stage.story.normal.020.roof,body,사다리를 올라 마른 지붕에서 젖은 옷과 장비를 말렸다. 햇볕이 몸을 데워 기운이 돌아왔다.,
stage.story.normal.020.safe,body,보급실의 물을 빼다가 바닥 금고를 발견했다. 부식된 자물쇠가 열리며 비상 운영비가 모습을 드러냈다.,
stage.story.normal.020.start,body,"폭우가 지나간 강변 세관 초소가 무릎 높이까지 물에 잠겨 있다. 떠다니는 문서 상자와 반쯤 열린 보급실, 지붕으로 이어지는 사다리가 눈에 들어온다.",
stage.story.normal.021,body,해가 진 골목에 하루만 열린다는 가면 시장이 나타났다.,
stage.story.normal.021,title,밤시장 가면 장수,
stage.story.normal.021.blank,body,무표정한 가면의 안감을 살피니 오래된 금화가 박혀 있었다. 장수는 가면의 비밀을 찾은 값이라며 금화를 내주었다.,
stage.story.normal.021.choice.blank,label,무표정 가면을 살핀다,
stage.story.normal.021.choice.smile,label,미소 가면을 써 본다,
stage.story.normal.021.choice.warrior,label,전사의 가면을 고른다,
stage.story.normal.021.end,body,가면을 돌려놓자 시장의 등불이 하나씩 꺼지고 골목은 원래의 어둠으로 돌아갔다.,
stage.story.normal.021.smile,body,미소 짓는 가면을 쓰자 은은한 향과 함께 긴장이 풀렸다. 잠깐의 평온이 지친 몸을 회복시켰다.,
stage.story.normal.021.start,body,해가 진 골목에 하루만 열린다는 가면 시장이 나타났다. 한 장수의 진열대에는 표정이 다른 세 가면과 낡은 가격표가 놓여 있다. 장수는 돈 대신 가면 하나의 이야기를 들어 달라고 말한다.,
stage.story.normal.021.warrior,body,전사의 가면에 얽힌 전투와 실수를 끝까지 들었다. 장수의 생생한 설명에서 위기를 읽는 감각을 배웠다.,
